Source file,Ni_foil_LSV 2.3 ohm.txt
Reference electrode potential (V vs. RHE),
Working area (cm^2),2

Point,Original Potential (V),Original Current (mA),"Potential (V, iR-corrected)",Current density / mA cm^-2
1,0.0,-0.007889,0.0,-0.0039445
2,0.001,-0.007108000000000001,0.001,-0.0035540000000000003
3,0.002,-0.006796,0.002,-0.003398
4,0.003,-0.006717,0.003,-0.0033585
5,0.004,-0.006874,0.004,-0.003437
6,0.005,-0.006796,0.005,-0.003398
7,0.006,-0.006874,0.006,-0.003437
8,0.007,-0.0073420000000000004,0.007,-0.0036710000000000002
9,0.008,-0.0071860000000000005,0.008,-0.0035930000000000003
10,0.009,-0.0071860000000000005,0.009,-0.0035930000000000003
11,0.01,-0.00703,0.01,-0.003515
12,0.011,-0.007108000000000001,0.011,-0.0035540000000000003
13,0.012,-0.0073420000000000004,0.012,-0.0036710000000000002
14,0.013,-0.00703,0.013,-0.003515
15,0.014,-0.007108000000000001,0.014,-0.0035540000000000003
16,0.015,-0.0073420000000000004,0.015,-0.0036710000000000002
17,0.016,-0.0075769999999999995,0.016,-0.0037884999999999998
18,0.017,-0.00742,0.017,-0.00371
19,0.018,-0.006952,0.018,-0.003476
20,0.019,-0.0071860000000000005,0.019,-0.0035930000000000003
21,0.02,-0.007499,0.02,-0.0037495
22,0.021,-0.007108000000000001,0.021,-0.0035540000000000003
23,0.022,-0.006796,0.022,-0.003398
24,0.023,-0.0073420000000000004,0.023,-0.0036710000000000002
25,0.024,-0.0072640000000000005,0.024,-0.0036320000000000002
26,0.025,-0.00742,0.025,-0.00371
27,0.026,-0.007499,0.026,-0.0037495
28,0.027,-0.00742,0.027,-0.00371
29,0.028,-0.00742,0.028,-0.00371
30,0.029,-0.0073420000000000004,0.029,-0.0036710000000000002
31,0.03,-0.00742,0.03,-0.00371
32,0.031,-0.007499,0.031,-0.0037495
33,0.032,-0.007499,0.032,-0.0037495
34,0.033,-0.007655,0.033,-0.0038275
35,0.034,-0.007108000000000001,0.034,-0.0035540000000000003
36,0.035,-0.007733,0.035,-0.0038665
37,0.036,-0.0075769999999999995,0.036,-0.0037884999999999998
38,0.037,-0.0072640000000000005,0.037,-0.0036320000000000002
39,0.038,-0.0071860000000000005,0.038,-0.0035930000000000003
40,0.039,-0.0072640000000000005,0.039,-0.0036320000000000002
41,0.04,-0.007733,0.04,-0.0038665
42,0.041,-0.0075769999999999995,0.041,-0.0037884999999999998
43,0.042,-0.007499,0.042,-0.0037495
44,0.043,-0.007108000000000001,0.043,-0.0035540000000000003
45,0.044,-0.006874,0.044,-0.003437
46,0.045,-0.0071860000000000005,0.045,-0.0035930000000000003
47,0.046,-0.0071860000000000005,0.046,-0.0035930000000000003
48,0.047,-0.007108000000000001,0.047,-0.0035540000000000003
49,0.048,-0.0073420000000000004,0.048,-0.0036710000000000002
50,0.049,-0.007811,0.049,-0.0039055
51,0.05,-0.0073420000000000004,0.05,-0.0036710000000000002
52,0.051,-0.007889,0.051,-0.0039445
53,0.052,-0.0075769999999999995,0.052,-0.0037884999999999998
54,0.053,-0.00742,0.053,-0.00371
55,0.054,-0.007499,0.054,-0.0037495
56,0.055,-0.007499,0.055,-0.0037495
57,0.056,-0.007811,0.056,-0.0039055
58,0.057,-0.0075769999999999995,0.057,-0.0037884999999999998
59,0.058,-0.007499,0.058,-0.0037495
60,0.059,-0.007499,0.059,-0.0037495
61,0.06,-0.00742,0.06,-0.00371
62,0.061,-0.007811,0.061,-0.0039055
63,0.062,-0.008045,0.062,-0.0040225
64,0.063,-0.007889,0.063,-0.0039445
65,0.064,-0.007889,0.064,-0.0039445
66,0.065,-0.007733,0.065,-0.0038665
67,0.066,-0.007108000000000001,0.066,-0.0035540000000000003
68,0.067,-0.007108000000000001,0.067,-0.0035540000000000003
69,0.068,-0.0071860000000000005,0.068,-0.0035930000000000003
70,0.069,-0.0071860000000000005,0.069,-0.0035930000000000003
71,0.07,-0.006796,0.07,-0.003398
72,0.071,-0.0071860000000000005,0.071,-0.0035930000000000003
73,0.072,-0.007499,0.072,-0.0037495
74,0.073,-0.00742,0.073,-0.00371
75,0.074,-0.0075769999999999995,0.074,-0.0037884999999999998
76,0.075,-0.006952,0.075,-0.003476
77,0.076,-0.007655,0.076,-0.0038275
78,0.077,-0.007733,0.077,-0.0038665
79,0.078,-0.007889,0.078,-0.0039445
80,0.079,-0.007655,0.079,-0.0038275
81,0.08,-0.0073420000000000004,0.08,-0.0036710000000000002
82,0.081,-0.007499,0.081,-0.0037495
83,0.082,-0.00742,0.082,-0.00371
84,0.083,-0.00742,0.083,-0.00371
85,0.084,-0.00742,0.084,-0.00371
86,0.085,-0.007655,0.085,-0.0038275
87,0.086,-0.0071860000000000005,0.086,-0.0035930000000000003
88,0.087,-0.007108000000000001,0.087,-0.0035540000000000003
89,0.088,-0.0075769999999999995,0.088,-0.0037884999999999998
90,0.089,-0.007499,0.089,-0.0037495
91,0.09,-0.007889,0.09,-0.0039445
92,0.091,-0.007499,0.091,-0.0037495
93,0.092,-0.007499,0.092,-0.0037495
94,0.093,-0.007655,0.093,-0.0038275
95,0.094,-0.00742,0.094,-0.00371
96,0.095,-0.0073420000000000004,0.095,-0.0036710000000000002
97,0.096,-0.008123,0.096,-0.0040615
98,0.097,-0.007499,0.097,-0.0037495
99,0.098,-0.0072640000000000005,0.098,-0.0036320000000000002
100,0.099,-0.00703,0.099,-0.003515
101,0.1,-0.007499,0.1,-0.0037495
102,0.101,-0.0073420000000000004,0.101,-0.0036710000000000002
103,0.102,-0.00742,0.102,-0.00371
104,0.103,-0.0075769999999999995,0.103,-0.0037884999999999998
105,0.104,-0.0073420000000000004,0.104,-0.0036710000000000002
106,0.105,-0.006874,0.105,-0.003437
107,0.106,-0.00742,0.106,-0.00371
108,0.107,-0.0073420000000000004,0.107,-0.0036710000000000002
109,0.108,-0.007499,0.108,-0.0037495
110,0.109,-0.006952,0.109,-0.003476
111,0.11,-0.00742,0.11,-0.00371
112,0.111,-0.0073420000000000004,0.111,-0.0036710000000000002
113,0.112,-0.0071860000000000005,0.112,-0.0035930000000000003
114,0.113,-0.0073420000000000004,0.113,-0.0036710000000000002
115,0.114,-0.007108000000000001,0.114,-0.0035540000000000003
116,0.115,-0.0072640000000000005,0.115,-0.0036320000000000002
117,0.116,-0.0071860000000000005,0.116,-0.0035930000000000003
118,0.117,-0.007108000000000001,0.117,-0.0035540000000000003
119,0.118,-0.006874,0.118,-0.003437
120,0.119,-0.00703,0.119,-0.003515
121,0.12,-0.006717,0.12,-0.0033585
122,0.121,-0.006952,0.121,-0.003476
123,0.122,-0.00703,0.122,-0.003515
124,0.123,-0.0072640000000000005,0.123,-0.0036320000000000002
125,0.124,-0.00703,0.124,-0.003515
126,0.125,-0.006639,0.125,-0.0033195
127,0.126,-0.006796,0.126,-0.003398
128,0.127,-0.0071860000000000005,0.127,-0.0035930000000000003
129,0.128,-0.006952,0.128,-0.003476
130,0.129,-0.006952,0.129,-0.003476
131,0.13,-0.0071860000000000005,0.13,-0.0035930000000000003
132,0.131,-0.006796,0.131,-0.003398
133,0.132,-0.006404999999999999,0.132,-0.0032024999999999996
134,0.133,-0.006874,0.133,-0.003437
135,0.134,-0.006796,0.134,-0.003398
136,0.135,-0.006796,0.135,-0.003398
137,0.136,-0.006952,0.136,-0.003476
138,0.137,-0.006717,0.137,-0.0033585
139,0.138,-0.006874,0.138,-0.003437
140,0.139,-0.006639,0.139,-0.0033195
141,0.14,-0.006874,0.14,-0.003437
142,0.141,-0.006796,0.141,-0.003398
143,0.142,-0.006796,0.142,-0.003398
144,0.143,-0.006561,0.143,-0.0032805
145,0.144,-0.006561,0.144,-0.0032805
146,0.145,-0.006249,0.145,-0.0031245
147,0.146,-0.006014,0.146,-0.003007
148,0.147,-0.006014,0.147,-0.003007
149,0.148,-0.006327,0.148,-0.0031635
150,0.149,-0.006482999999999999,0.149,-0.0032414999999999996
151,0.15,-0.006561,0.15,-0.0032805
152,0.151,-0.006796,0.151,-0.003398
153,0.152,-0.006327,0.152,-0.0031635
154,0.153,-0.006482999999999999,0.153,-0.0032414999999999996
155,0.154,-0.006952,0.154,-0.003476
156,0.155,-0.007108000000000001,0.155,-0.0035540000000000003
157,0.156,-0.006561,0.156,-0.0032805
158,0.157,-0.006796,0.157,-0.003398
159,0.158,-0.006796,0.158,-0.003398
160,0.159,-0.006874,0.159,-0.003437
161,0.16,-0.006874,0.16,-0.003437
162,0.161,-0.006874,0.161,-0.003437
163,0.162,-0.006874,0.162,-0.003437
164,0.163,-0.006639,0.163,-0.0033195
165,0.164,-0.006717,0.164,-0.0033585
166,0.165,-0.006874,0.165,-0.003437
167,0.166,-0.006482999999999999,0.166,-0.0032414999999999996
168,0.167,-0.006717,0.167,-0.0033585
169,0.168,-0.006796,0.168,-0.003398
170,0.169,-0.006482999999999999,0.169,-0.0032414999999999996
171,0.17,-0.006639,0.17,-0.0033195
172,0.171,-0.006561,0.171,-0.0032805
173,0.172,-0.006171,0.172,-0.0030855
174,0.173,-0.006482999999999999,0.173,-0.0032414999999999996
175,0.174,-0.006639,0.174,-0.0033195
176,0.175,-0.006327,0.175,-0.0031635
177,0.176,-0.006796,0.176,-0.003398
178,0.177,-0.006482999999999999,0.177,-0.0032414999999999996
179,0.178,-0.006561,0.178,-0.0032805
180,0.179,-0.006561,0.179,-0.0032805
181,0.18,-0.00703,0.18,-0.003515
182,0.181,-0.006482999999999999,0.181,-0.0032414999999999996
183,0.182,-0.006561,0.182,-0.0032805
184,0.183,-0.006717,0.183,-0.0033585
185,0.184,-0.006404999999999999,0.184,-0.0032024999999999996
186,0.185,-0.006639,0.185,-0.0033195
187,0.186,-0.006874,0.186,-0.003437
188,0.187,-0.006327,0.187,-0.0031635
189,0.188,-0.006404999999999999,0.188,-0.0032024999999999996
190,0.189,-0.006639,0.189,-0.0033195
191,0.19,-0.006561,0.19,-0.0032805
192,0.191,-0.006796,0.191,-0.003398
193,0.192,-0.006796,0.192,-0.003398
194,0.193,-0.006639,0.193,-0.0033195
195,0.194,-0.006874,0.194,-0.003437
196,0.195,-0.006561,0.195,-0.0032805
197,0.196,-0.006249,0.196,-0.0031245
198,0.197,-0.0059359999999999994,0.197,-0.0029679999999999997
199,0.198,-0.006093,0.198,-0.0030465
200,0.199,-0.0058579999999999995,0.199,-0.0029289999999999997
201,0.2,-0.006171,0.2,-0.0030855
202,0.201,-0.0059359999999999994,0.201,-0.0029679999999999997
203,0.202,-0.0059359999999999994,0.202,-0.0029679999999999997
204,0.203,-0.006249,0.203,-0.0031245
205,0.204,-0.006171,0.204,-0.0030855
206,0.205,-0.006093,0.205,-0.0030465
207,0.206,-0.0057799999999999995,0.206,-0.0028899999999999998
208,0.207,-0.0059359999999999994,0.207,-0.0029679999999999997
209,0.208,-0.006014,0.208,-0.003007
210,0.209,-0.006249,0.209,-0.0031245
211,0.21,-0.006327,0.21,-0.0031635
212,0.211,-0.006639,0.211,-0.0033195
213,0.212,-0.006327,0.212,-0.0031635
214,0.213,-0.006249,0.213,-0.0031245
215,0.214,-0.006014,0.214,-0.003007
216,0.215,-0.006327,0.215,-0.0031635
217,0.216,-0.006404999999999999,0.216,-0.0032024999999999996
218,0.217,-0.006249,0.217,-0.0031245
219,0.218,-0.006014,0.218,-0.003007
220,0.219,-0.006014,0.219,-0.003007
221,0.22,-0.006014,0.22,-0.003007
222,0.221,-0.006482999999999999,0.221,-0.0032414999999999996
223,0.222,-0.006249,0.222,-0.0031245
224,0.223,-0.0058579999999999995,0.223,-0.0029289999999999997
225,0.224,-0.006171,0.224,-0.0030855
226,0.225,-0.0059359999999999994,0.225,-0.0029679999999999997
227,0.226,-0.006482999999999999,0.226,-0.0032414999999999996
228,0.227,-0.0059359999999999994,0.227,-0.0029679999999999997
229,0.228,-0.005624,0.228,-0.002812
230,0.229,-0.006014,0.229,-0.003007
231,0.23,-0.006093,0.23,-0.0030465
232,0.231,-0.006171,0.231,-0.0030855
233,0.232,-0.006093,0.232,-0.0030465
234,0.233,-0.006171,0.233,-0.0030855
235,0.234,-0.0058579999999999995,0.234,-0.0029289999999999997
236,0.235,-0.0057799999999999995,0.235,-0.0028899999999999998
237,0.236,-0.0057799999999999995,0.236,-0.0028899999999999998
238,0.237,-0.006014,0.237,-0.003007
239,0.238,-0.005624,0.238,-0.002812
240,0.239,-0.005468,0.239,-0.002734
241,0.24,-0.005624,0.24,-0.002812
242,0.241,-0.005546,0.241,-0.002773
243,0.242,-0.005702,0.242,-0.002851
244,0.243,-0.005468,0.243,-0.002734
245,0.244,-0.005233,0.244,-0.0026165
246,0.245,-0.005077,0.245,-0.0025385
247,0.246,-0.005233,0.246,-0.0026165
248,0.247,-0.00539,0.247,-0.002695
249,0.248,-0.004999,0.248,-0.0024995
250,0.249,-0.005233,0.249,-0.0026165
251,0.25,-0.004921,0.25,-0.0024605
252,0.251,-0.004765,0.251,-0.0023825
253,0.252,-0.004609,0.252,-0.0023045
254,0.253,-0.004687,0.253,-0.0023435
255,0.254,-0.004609,0.254,-0.0023045
256,0.255,-0.004296,0.255,-0.002148
257,0.256,-0.004765,0.256,-0.0023825
258,0.257,-0.004765,0.257,-0.0023825
259,0.258,-0.005312,0.258,-0.002656
260,0.259,-0.004999,0.259,-0.0024995
261,0.26,-0.004687,0.26,-0.0023435
262,0.261,-0.004765,0.261,-0.0023825
263,0.262,-0.004687,0.262,-0.0023435
264,0.263,-0.004843,0.263,-0.0024215
265,0.264,-0.004687,0.264,-0.0023435
266,0.265,-0.004687,0.265,-0.0023435
267,0.266,-0.004687,0.266,-0.0023435
268,0.267,-0.004218,0.267,-0.002109
269,0.268,-0.0041400000000000005,0.268,-0.0020700000000000002
270,0.269,-0.004374,0.269,-0.002187
271,0.27,-0.004452,0.27,-0.002226
272,0.271,-0.0040620000000000005,0.271,-0.0020310000000000003
273,0.272,-0.004374,0.272,-0.002187
274,0.273,-0.0041400000000000005,0.273,-0.0020700000000000002
275,0.274,-0.004296,0.274,-0.002148
276,0.275,-0.004296,0.275,-0.002148
277,0.276,-0.004296,0.276,-0.002148
278,0.277,-0.003906,0.277,-0.001953
279,0.278,-0.003827,0.278,-0.0019135
280,0.279,-0.003906,0.279,-0.001953
281,0.28,-0.0040620000000000005,0.28,-0.0020310000000000003
282,0.281,-0.003827,0.281,-0.0019135
283,0.282,-0.0040620000000000005,0.282,-0.0020310000000000003
284,0.283,-0.003749,0.283,-0.0018745
285,0.284,-0.003827,0.284,-0.0019135
286,0.285,-0.003749,0.285,-0.0018745
287,0.286,-0.0035930000000000003,0.286,-0.0017965000000000001
288,0.287,-0.0035930000000000003,0.287,-0.0017965000000000001
289,0.288,-0.0036710000000000002,0.288,-0.0018355000000000001
290,0.289,-0.0036710000000000002,0.289,-0.0018355000000000001
291,0.29,-0.0036710000000000002,0.29,-0.0018355000000000001
292,0.291,-0.003515,0.291,-0.0017575
293,0.292,-0.003281,0.292,-0.0016405
294,0.293,-0.0028899999999999998,0.293,-0.0014449999999999999
295,0.294,-0.003203,0.294,-0.0016015
296,0.295,-0.0029679999999999997,0.295,-0.0014839999999999999
297,0.296,-0.0025,0.296,-0.00125
298,0.297,-0.002734,0.297,-0.001367
299,0.298,-0.0024210000000000004,0.298,-0.0012105000000000002
300,0.299,-0.0024210000000000004,0.299,-0.0012105000000000002
301,0.3,-0.0025,0.3,-0.00125
302,0.301,-0.002265,0.301,-0.0011325
303,0.302,-0.0029679999999999997,0.302,-0.0014839999999999999
304,0.303,-0.0025,0.303,-0.00125
305,0.304,-0.0025,0.304,-0.00125
306,0.305,-0.002343,0.305,-0.0011715
307,0.306,-0.0024210000000000004,0.306,-0.0012105000000000002
308,0.307,-0.0020310000000000003,0.307,-0.0010155000000000001
309,0.308,-0.001718,0.308,-0.000859
310,0.309,-0.0018750000000000001,0.309,-0.0009375000000000001
311,0.31,-0.001953,0.31,-0.0009765
312,0.311,-0.001718,0.311,-0.000859
313,0.312,-0.001718,0.312,-0.000859
314,0.313,-0.0018750000000000001,0.313,-0.0009375000000000001
315,0.314,-0.001797,0.314,-0.0008985
316,0.315,-0.00125,0.315,-0.000625
317,0.316,-0.0009373,0.316,-0.00046865
318,0.317,-0.0008592,0.317,-0.0004296
319,0.318,-0.00125,0.318,-0.000625
320,0.319,-0.0008592,0.319,-0.0004296
321,0.32,-0.0008592,0.32,-0.0004296
322,0.321,-0.0001562,0.321,-7.81e-05
323,0.322,-0.0003906,0.322,-0.0001953
324,0.323,-0.001406,0.323,-0.000703
325,0.324,-0.0008592,0.324,-0.0004296
326,0.325,-0.0008592,0.325,-0.0004296
327,0.326,-0.0009373,0.326,-0.00046865
328,0.327,-0.0005468,0.327,-0.0002734
329,0.328,-0.0008592,0.328,-0.0004296
330,0.329,-0.0004687,0.329,-0.00023435
331,0.33,-0.0003906,0.33,-0.0001953
332,0.331,0.0002343,0.331,0.00011715
333,0.332,-0.0002343,0.332,-0.00011715
334,0.333,-0.0001562,0.333,-7.81e-05
335,0.334,0.0003905,0.334,0.00019525
336,0.335,-4.283e-09,0.335,-2.1415e-09
337,0.336,0.0003905,0.336,0.00019525
338,0.337,0.0003905,0.337,0.00019525
339,0.338,-0.0001562,0.338,-7.81e-05
340,0.339,-0.0001562,0.339,-7.81e-05
341,0.34,0.0001562,0.34,7.81e-05
342,0.341,7.811e-05,0.341,3.9055e-05
343,0.342,0.0003124,0.342,0.0001562
344,0.343,0.0005468,0.343,0.0002734
345,0.344,0.0002343,0.344,0.00011715
346,0.345,0.0003905,0.345,0.00019525
347,0.346,0.0004687,0.346,0.00023435
348,0.347,0.0003905,0.347,0.00019525
349,0.348,0.0007811000000000001,0.348,0.00039055000000000003
350,0.349,0.0009373,0.349,0.00046865
351,0.35,0.0011719999999999999,0.35,0.0005859999999999999
352,0.351,0.00125,0.351,0.000625
353,0.352,0.0007811000000000001,0.352,0.00039055000000000003
354,0.353,0.0008592,0.353,0.0004296
355,0.354,0.0011719999999999999,0.354,0.0005859999999999999
356,0.355,0.0011719999999999999,0.355,0.0005859999999999999
357,0.356,0.00125,0.356,0.000625
358,0.357,0.001562,0.357,0.000781
359,0.358,0.00125,0.358,0.000625
360,0.359,0.001406,0.359,0.000703
361,0.36,0.001406,0.36,0.000703
362,0.361,0.001718,0.361,0.000859
363,0.362,0.001562,0.362,0.000781
364,0.363,0.001797,0.363,0.0008985
365,0.364,0.0020310000000000003,0.364,0.0010155000000000001
366,0.365,0.002187,0.365,0.0010935
367,0.366,0.002187,0.366,0.0010935
368,0.367,0.002656,0.367,0.001328
369,0.368,0.0025,0.368,0.00125
370,0.369,0.0024210000000000004,0.369,0.0012105000000000002
371,0.37,0.002734,0.37,0.001367
372,0.371,0.002812,0.371,0.001406
373,0.372,0.002812,0.372,0.001406
374,0.373,0.0029679999999999997,0.373,0.0014839999999999999
375,0.374,0.003281,0.374,0.0016405
376,0.375,0.003203,0.375,0.0016015
377,0.376,0.003359,0.376,0.0016795
378,0.377,0.0036710000000000002,0.377,0.0018355000000000001
379,0.378,0.0039840000000000006,0.378,0.0019920000000000003
380,0.379,0.0040620000000000005,0.379,0.0020310000000000003
381,0.38,0.0036710000000000002,0.38,0.0018355000000000001
382,0.381,0.003906,0.381,0.001953
383,0.382,0.004452,0.382,0.002226
384,0.383,0.004609,0.383,0.0023045
385,0.384,0.004609,0.384,0.0023045
386,0.385,0.004843,0.385,0.0024215
387,0.386,0.005546,0.386,0.002773
388,0.387,0.00539,0.387,0.002695
389,0.388,0.005311,0.388,0.0026555
390,0.389,0.005702,0.389,0.002851
391,0.39,0.006249,0.39,0.0031245
392,0.391,0.0059359999999999994,0.391,0.0029679999999999997
393,0.392,0.006014,0.392,0.003007
394,0.393,0.006639,0.393,0.0033195
395,0.394,0.007108000000000001,0.394,0.0035540000000000003
396,0.395,0.0071860000000000005,0.395,0.0035930000000000003
397,0.396,0.0072640000000000005,0.396,0.0036320000000000002
398,0.397,0.0073420000000000004,0.397,0.0036710000000000002
399,0.398,0.007733,0.398,0.0038665
400,0.399,0.007811,0.399,0.0039055
401,0.4,0.008358,0.4,0.004179
402,0.401,0.008983,0.401,0.0044915
403,0.402,0.008983,0.402,0.0044915
404,0.403,0.01023,0.403,0.005115
405,0.404,0.01008,0.404,0.00504
406,0.405,0.01062,0.405,0.00531
407,0.406,0.011559999999999999,0.406,0.0057799999999999995
408,0.407,0.01219,0.407,0.006095
409,0.408,0.0132,0.408,0.0066
410,0.409,0.01219,0.409,0.006095
411,0.41,0.014759999999999999,0.41,0.007379999999999999
412,0.411,0.016249999999999997,0.411,0.008124999999999999
413,0.412,0.018510000000000002,0.412,0.009255000000000001
414,0.413,0.0207,0.413,0.01035
415,0.414,0.02296,0.414,0.01148
416,0.415,0.02749,0.415,0.013745
417,0.416,0.03163,0.416,0.015815
418,0.417,0.03757,0.417,0.018785
419,0.418,0.04444,0.418,0.02222
420,0.419,0.054599999999999996,0.419,0.027299999999999998
421,0.42,0.06685999999999999,0.42,0.033429999999999994
422,0.421,0.08288000000000001,0.421,0.041440000000000005
423,0.422,0.10189999999999999,0.422,0.050949999999999995
424,0.423,0.12789999999999999,0.423,0.06394999999999999
425,0.424,0.1601,0.424,0.08005
426,0.425,0.20149999999999998,0.425,0.10074999999999999
427,0.426,0.2539,0.426,0.12695
428,0.427,0.3206,0.427,0.1603
429,0.428,0.3968,0.428,0.1984
430,0.429,0.4748,0.429,0.2374
431,0.43,0.5511,0.43,0.27555
432,0.431,0.6248,0.431,0.3124
433,0.432,0.6941999999999999,0.432,0.34709999999999996
434,0.433,0.7605999999999999,0.433,0.38029999999999997
435,0.434,0.8191,0.434,0.40955
436,0.435,0.8716,0.435,0.4358
437,0.436,0.9076000000000001,0.436,0.45380000000000004
438,0.437,0.9276,0.437,0.4638
439,0.438,0.9348,0.438,0.4674
440,0.439,0.9258,0.439,0.4629
441,0.44,0.9026000000000001,0.44,0.45130000000000003
442,0.441,0.8681,0.441,0.43405
443,0.442,0.8217,0.442,0.41085
444,0.443,0.7722,0.443,0.3861
445,0.444,0.7196,0.444,0.3598
446,0.445,0.6673,0.445,0.33365
447,0.446,0.6189,0.446,0.30945
448,0.447,0.5716,0.447,0.2858
449,0.448,0.5257000000000001,0.448,0.26285000000000003
450,0.449,0.4875,0.449,0.24375
451,0.45,0.4517,0.45,0.22585
452,0.451,0.4213,0.451,0.21065
453,0.452,0.3947,0.452,0.19735
454,0.453,0.3695,0.453,0.18475
455,0.454,0.3481,0.454,0.17405
456,0.455,0.32870000000000005,0.455,0.16435000000000002
457,0.456,0.3104,0.456,0.1552
458,0.457,0.2949,0.457,0.14745
459,0.458,0.2808,0.458,0.1404
460,0.459,0.2671,0.459,0.13355
461,0.46,0.2546,0.46,0.1273
462,0.461,0.2439,0.461,0.12195
463,0.462,0.2329,0.462,0.11645
464,0.463,0.2238,0.463,0.1119
465,0.464,0.2139,0.464,0.10695
466,0.465,0.2047,0.465,0.10235
467,0.466,0.1967,0.466,0.09835
468,0.467,0.1893,0.467,0.09465
469,0.468,0.182,0.468,0.091
470,0.469,0.1754,0.469,0.0877
471,0.47,0.1683,0.47,0.08415
472,0.471,0.16369999999999998,0.471,0.08184999999999999
473,0.472,0.15789999999999998,0.472,0.07894999999999999
474,0.473,0.1522,0.473,0.0761
475,0.474,0.1467,0.474,0.07335
476,0.475,0.1425,0.475,0.07125
477,0.476,0.1381,0.476,0.06905
478,0.477,0.1347,0.477,0.06735
479,0.478,0.1304,0.478,0.0652
480,0.479,0.1274,0.479,0.0637
481,0.48,0.12290000000000001,0.48,0.061450000000000005
482,0.481,0.12010000000000001,0.481,0.060050000000000006
483,0.482,0.11689999999999999,0.482,0.058449999999999995
484,0.483,0.114,0.483,0.057
485,0.484,0.11120000000000001,0.484,0.055600000000000004
486,0.485,0.10840000000000001,0.485,0.054200000000000005
487,0.486,0.1062,0.486,0.0531
488,0.487,0.1039,0.487,0.05195
489,0.488,0.10110000000000001,0.488,0.050550000000000005
490,0.489,0.09975,0.489,0.049875
491,0.49,0.09733,0.49,0.048665
492,0.491,0.09584000000000001,0.491,0.047920000000000004
493,0.492,0.09333999999999999,0.492,0.046669999999999996
494,0.493,0.09139,0.493,0.045695
495,0.494,0.08967,0.494,0.044835
496,0.495,0.0885,0.495,0.04425
497,0.496,0.08647,0.496,0.043235
498,0.497,0.08553000000000001,0.497,0.042765000000000004
499,0.498,0.08475,0.498,0.042375
500,0.499,0.08248,0.499,0.04124
501,0.5,0.08194,0.5,0.04097
502,0.501,0.08069,0.501,0.040345
503,0.502,0.07959000000000001,0.502,0.039795000000000004
504,0.503,0.07905,0.503,0.039525
505,0.504,0.07749,0.504,0.038745
506,0.505,0.07686000000000001,0.505,0.038430000000000006
507,0.506,0.07545,0.506,0.037725
508,0.507,0.07452,0.507,0.03726
509,0.508,0.07404999999999999,0.508,0.037024999999999995
510,0.509,0.07374,0.509,0.03687
511,0.51,0.07256,0.51,0.03628
512,0.511,0.07279999999999999,0.511,0.036399999999999995
513,0.512,0.07279999999999999,0.512,0.036399999999999995
514,0.513,0.07108,0.513,0.03554
515,0.514,0.07014000000000001,0.514,0.035070000000000004
516,0.515,0.06944,0.515,0.03472
517,0.516,0.06936,0.516,0.03468
518,0.517,0.06905,0.517,0.034525
519,0.518,0.06796,0.518,0.03398
520,0.519,0.06796,0.519,0.03398
521,0.52,0.06702000000000001,0.52,0.033510000000000005
522,0.521,0.06593,0.521,0.032965
523,0.522,0.06593,0.522,0.032965
524,0.523,0.06632,0.523,0.03316
525,0.524,0.06546,0.524,0.03273
526,0.525,0.06475,0.525,0.032375
527,0.526,0.06382,0.526,0.03191
528,0.527,0.06468,0.527,0.03234
529,0.528,0.06366,0.528,0.03183
530,0.529,0.06366,0.529,0.03183
531,0.53,0.06311,0.53,0.031555
532,0.531,0.06287999999999999,0.531,0.031439999999999996
533,0.532,0.06257,0.532,0.031285
534,0.533,0.062490000000000004,0.533,0.031245000000000002
535,0.534,0.062180000000000006,0.534,0.031090000000000003
536,0.535,0.0621,0.535,0.03105
537,0.536,0.061470000000000004,0.536,0.030735000000000002
538,0.537,0.06171,0.537,0.030855
539,0.538,0.06108,0.538,0.03054
540,0.539,0.06138999999999999,0.539,0.030694999999999997
541,0.54,0.06085,0.54,0.030425
542,0.541,0.06038,0.541,0.03019
543,0.542,0.06054,0.542,0.03027
544,0.543,0.061630000000000004,0.543,0.030815000000000002
545,0.544,0.06069,0.544,0.030345
546,0.545,0.0603,0.545,0.03015
547,0.546,0.05999,0.546,0.029995
548,0.547,0.06061,0.547,0.030305
549,0.548,0.06054,0.548,0.03027
550,0.549,0.06022,0.549,0.03011
551,0.55,0.05983,0.55,0.029915
552,0.551,0.06093,0.551,0.030465
553,0.552,0.05999,0.552,0.029995
554,0.553,0.06038,0.553,0.03019
555,0.554,0.06038,0.554,0.03019
556,0.555,0.06108,0.555,0.03054
557,0.556,0.06093,0.556,0.030465
558,0.557,0.06108,0.557,0.03054
559,0.558,0.061160000000000006,0.558,0.030580000000000003
560,0.559,0.06194000000000001,0.559,0.030970000000000004
561,0.56,0.061790000000000005,0.56,0.030895000000000002
562,0.561,0.06240999999999999,0.561,0.031204999999999997
563,0.562,0.06311,0.562,0.031555
564,0.563,0.0635,0.563,0.03175
565,0.564,0.06319,0.564,0.031595
566,0.565,0.06428,0.565,0.03214
567,0.566,0.06412999999999999,0.566,0.032064999999999996
568,0.567,0.06553,0.567,0.032765
569,0.568,0.06632,0.568,0.03316
570,0.569,0.06733,0.569,0.033665
571,0.57,0.06810999999999999,0.57,0.034054999999999995
572,0.571,0.06888999999999999,0.571,0.034444999999999996
573,0.572,0.06928,0.572,0.03464
574,0.573,0.07092000000000001,0.573,0.035460000000000005
575,0.574,0.07225,0.574,0.036125
576,0.575,0.07381,0.575,0.036905
577,0.576,0.07443999999999999,0.576,0.037219999999999996
578,0.577,0.07647000000000001,0.577,0.038235000000000005
579,0.578,0.07788,0.578,0.03894
580,0.579,0.07983,0.579,0.039915
581,0.58,0.08178,0.58,0.04089
582,0.581,0.08319,0.581,0.041595
583,0.582,0.08561,0.582,0.042805
584,0.583,0.08787,0.583,0.043935
585,0.584,0.09069,0.584,0.045345
586,0.585,0.09342,0.585,0.04671
587,0.586,0.09576,0.586,0.04788
588,0.587,0.09904,0.587,0.04952
589,0.588,0.10189999999999999,0.588,0.050949999999999995
590,0.589,0.1054,0.589,0.0527
591,0.59,0.1087,0.59,0.05435
592,0.591,0.11309999999999999,0.591,0.056549999999999996
593,0.592,0.11649999999999999,0.592,0.058249999999999996
594,0.593,0.1212,0.593,0.0606
595,0.594,0.1258,0.594,0.0629
596,0.595,0.1307,0.595,0.06535
597,0.596,0.13549999999999998,0.596,0.06774999999999999
598,0.597,0.14100000000000001,0.597,0.07050000000000001
599,0.598,0.1459,0.598,0.07295
600,0.599,0.15259999999999999,0.599,0.07629999999999999
601,0.6,0.15860000000000002,0.6,0.07930000000000001
602,0.601,0.1653,0.601,0.08265
603,0.602,0.17220000000000002,0.602,0.08610000000000001
604,0.603,0.18000000000000002,0.603,0.09000000000000001
605,0.604,0.18689999999999998,0.604,0.09344999999999999
606,0.605,0.195,0.605,0.0975
607,0.606,0.20359999999999998,0.606,0.10179999999999999
608,0.607,0.2134,0.607,0.1067
609,0.608,0.22269999999999998,0.608,0.11134999999999999
610,0.609,0.2331,0.609,0.11655
611,0.61,0.24330000000000002,0.61,0.12165000000000001
612,0.611,0.2542,0.611,0.1271
613,0.612,0.2655,0.612,0.13275
614,0.613,0.2779,0.613,0.13895
615,0.614,0.2898,0.614,0.1449
616,0.615,0.3028,0.615,0.1514
617,0.616,0.3165,0.616,0.15825
618,0.617,0.3312,0.617,0.1656
619,0.618,0.347,0.618,0.1735
620,0.619,0.3634,0.619,0.1817
621,0.62,0.38,0.62,0.19
622,0.621,0.39740000000000003,0.621,0.19870000000000002
623,0.622,0.416,0.622,0.208
624,0.623,0.43570000000000003,0.623,0.21785000000000002
625,0.624,0.4564,0.624,0.2282
626,0.625,0.479,0.625,0.2395
627,0.626,0.5016,0.626,0.2508
628,0.627,0.5253,0.627,0.26265
629,0.628,0.55,0.628,0.275
630,0.629,0.5764,0.629,0.2882
631,0.63,0.6040000000000001,0.63,0.30200000000000005
632,0.631,0.6325000000000001,0.631,0.31625000000000003
633,0.632,0.6608999999999999,0.632,0.33044999999999997
634,0.633,0.6911,0.633,0.34555
635,0.634,0.7241,0.634,0.36205
636,0.635,0.7563,0.635,0.37815
637,0.636,0.7894,0.636,0.3947
638,0.637,0.8251000000000001,0.637,0.41255000000000003
639,0.638,0.8638,0.638,0.4319
640,0.639,0.9023,0.639,0.45115
641,0.64,0.9404,0.64,0.4702
642,0.641,0.9824,0.641,0.4912
643,0.642,1.0250000000000001,0.642,0.5125000000000001
644,0.643,1.07,0.643,0.535
645,0.644,1.118,0.644,0.559
646,0.645,1.1640000000000001,0.645,0.5820000000000001
647,0.646,1.213,0.646,0.6065
648,0.647,1.262,0.647,0.631
649,0.648,1.313,0.648,0.6565
650,0.649,1.3699999999999999,0.649,0.6849999999999999
651,0.65,1.426,0.65,0.713
652,0.651,1.482,0.651,0.741
653,0.652,1.542,0.652,0.771
654,0.653,1.605,0.653,0.8025
655,0.654,1.666,0.654,0.833
656,0.655,1.729,0.655,0.8645
657,0.656,1.796,0.656,0.898
658,0.657,1.871,0.657,0.9355
659,0.658,1.941,0.658,0.9705
660,0.659,2.011,0.659,1.0055
661,0.66,2.084,0.66,1.042
662,0.661,2.159,0.661,1.0795
663,0.662,2.234,0.662,1.117
664,0.663,2.315,0.663,1.1575
665,0.664,2.399,0.664,1.1995
666,0.665,2.48,0.665,1.24
667,0.666,2.5660000000000003,0.666,1.2830000000000001
668,0.667,2.654,0.667,1.327
669,0.668,2.741,0.668,1.3705
670,0.669,2.834,0.669,1.417
671,0.67,2.9299999999999997,0.67,1.4649999999999999
672,0.671,3.0260000000000002,0.671,1.5130000000000001
673,0.672,3.124,0.672,1.562
674,0.673,3.2239999999999998,0.673,1.6119999999999999
675,0.674,3.327,0.674,1.6635
676,0.675,3.4299999999999997,0.675,1.7149999999999999
677,0.676,3.536,0.676,1.768
678,0.677,3.642,0.677,1.821
679,0.678,3.746,0.678,1.873
680,0.679,3.856,0.679,1.928
681,0.68,3.9699999999999998,0.68,1.9849999999999999
682,0.681,4.087999999999999,0.681,2.0439999999999996
683,0.682,4.205,0.682,2.1025
684,0.683,4.329000000000001,0.683,2.1645000000000003
685,0.684,4.4510000000000005,0.684,2.2255000000000003
686,0.685,4.577999999999999,0.685,2.2889999999999997
687,0.686,4.7,0.686,2.35
688,0.687,4.8260000000000005,0.687,2.4130000000000003
689,0.688,4.951,0.688,2.4755
690,0.689,5.078,0.689,2.539
691,0.69,5.202,0.69,2.601
692,0.691,5.338,0.691,2.669
693,0.692,5.475,0.692,2.7375
694,0.693,5.615,0.693,2.8075
695,0.694,5.753,0.694,2.8765
696,0.695,5.896,0.695,2.948
697,0.696,6.038,0.696,3.019
698,0.697,6.171,0.697,3.0855
699,0.698,6.318,0.698,3.159
700,0.699,6.467,0.699,3.2335
701,0.7,6.615,0.7,3.3075
702,0.701,6.763,0.701,3.3815
703,0.702,6.926,0.702,3.463
704,0.703,7.079000000000001,0.703,3.5395000000000003
705,0.704,7.229,0.704,3.6145
706,0.705,7.386,0.705,3.693
707,0.706,7.545,0.706,3.7725
708,0.707,7.707000000000001,0.707,3.8535000000000004
709,0.708,7.8740000000000006,0.708,3.9370000000000003
710,0.709,8.038,0.709,4.019
711,0.71,8.209,0.71,4.1045
712,0.711,8.373000000000001,0.711,4.1865000000000006
713,0.712,8.549,0.712,4.2745
714,0.713,8.719,0.713,4.3595
715,0.714,8.884,0.714,4.442
716,0.715,9.061,0.715,4.5305
717,0.716,9.235999999999999,0.716,4.617999999999999
718,0.717,9.419,0.717,4.7095
719,0.718,9.59,0.718,4.795
720,0.719,9.771,0.719,4.8855
721,0.72,9.943999999999999,0.72,4.9719999999999995
722,0.721,10.13,0.721,5.065
723,0.722,10.31,0.722,5.155
724,0.723,10.5,0.723,5.25
725,0.724,10.69,0.724,5.345
726,0.725,10.87,0.725,5.435
727,0.726,11.05,0.726,5.525
728,0.727,11.25,0.727,5.625
729,0.728,11.440000000000001,0.728,5.720000000000001
730,0.729,11.629999999999999,0.729,5.8149999999999995
731,0.73,11.82,0.73,5.91
732,0.731,12.02,0.731,6.01
733,0.732,12.21,0.732,6.105
734,0.733,12.4,0.733,6.2
735,0.734,12.6,0.734,6.3
736,0.735,12.79,0.735,6.395
737,0.736,13.0,0.736,6.5
738,0.737,13.209999999999999,0.737,6.6049999999999995
739,0.738,13.41,0.738,6.705
740,0.739,13.6,0.739,6.8
741,0.74,13.799999999999999,0.74,6.8999999999999995
742,0.741,14.01,0.741,7.005
743,0.742,14.19,0.742,7.095
744,0.743,14.42,0.743,7.21
745,0.744,14.64,0.744,7.32
746,0.745,14.86,0.745,7.43
747,0.746,15.06,0.746,7.53
748,0.747,15.28,0.747,7.64
749,0.748,15.49,0.748,7.745
750,0.749,15.7,0.749,7.85
751,0.75,15.92,0.75,7.96
752,0.751,16.119999999999997,0.751,8.059999999999999
753,0.752,16.369999999999997,0.752,8.184999999999999
754,0.753,16.59,0.753,8.295
755,0.754,16.81,0.754,8.405
756,0.755,17.03,0.755,8.515
757,0.756,17.23,0.756,8.615
758,0.757,17.47,0.757,8.735
759,0.758,17.7,0.758,8.85
760,0.759,17.919999999999998,0.759,8.959999999999999
761,0.76,18.16,0.76,9.08
762,0.761,18.35,0.761,9.175
763,0.762,18.599999999999998,0.762,9.299999999999999
764,0.763,18.84,0.763,9.42
765,0.764,19.07,0.764,9.535
766,0.765,19.279999999999998,0.765,9.639999999999999
767,0.766,19.52,0.766,9.76
768,0.767,19.759999999999998,0.767,9.879999999999999
769,0.768,20.0,0.768,10.0
770,0.769,20.22,0.769,10.11
771,0.77,20.459999999999997,0.77,10.229999999999999
772,0.771,20.69,0.771,10.345
773,0.772,20.93,0.772,10.465
774,0.773,21.17,0.773,10.585
775,0.774,21.39,0.774,10.695
776,0.775,21.64,0.775,10.82
777,0.776,21.88,0.776,10.94
778,0.777,22.12,0.777,11.06
779,0.778,22.360000000000003,0.778,11.180000000000001
780,0.779,22.59,0.779,11.295
781,0.78,22.83,0.78,11.415
782,0.781,23.060000000000002,0.781,11.530000000000001
783,0.782,23.310000000000002,0.782,11.655000000000001
784,0.783,23.560000000000002,0.783,11.780000000000001
785,0.784,23.79,0.784,11.895
786,0.785,24.04,0.785,12.02
787,0.786,24.29,0.786,12.145
788,0.787,24.54,0.787,12.27
789,0.788,24.77,0.788,12.385
790,0.789,25.03,0.789,12.515
791,0.79,25.27,0.79,12.635
792,0.791,25.52,0.791,12.76
793,0.792,25.76,0.792,12.88
794,0.793,26.020000000000003,0.793,13.010000000000002
795,0.794,26.259999999999998,0.794,13.129999999999999
796,0.795,26.52,0.795,13.26
797,0.796,26.78,0.796,13.39
798,0.797,27.02,0.797,13.51
799,0.798,27.23,0.798,13.615
800,0.799,27.48,0.799,13.74
