Overpotential / V,"LSV, baseline adjusted",Tafel
0.0001776,3.80E-08,-7.42045296564854
0.0010905,-8.39E-08,-7.07611367438771
0.0019883,2.16E-06,-5.6653215490572
0.0028484,5.52E-06,-5.25800063860107
0.0036086,8.83E-06,-5.05393340764185
0.0043148,8.08E-06,-5.09271107156898
0.0051536,1.16E-05,-4.9366489037531
0.0060919,1.33E-05,-4.87684418002719
0.006967,1.47E-05,-4.83347086749609
0.0079662,1.99E-05,-4.70107261831947
0.0089581,2.19E-05,-4.65966835062774
0.0098116,2.67E-05,-4.57389683723684
0.0106093,2.97E-05,-4.52687497441582
0.0113062,3.40E-05,-4.46861098560252
0.0120824,3.46E-05,-4.46135702732543
0.0129824,3.74E-05,-4.42765512219482
0.0138858,4.55E-05,-4.34235252932057
0.0147003,4.66E-05,-4.3314356146619
0.0155334,4.65E-05,-4.33266661742525
0.0163911,5.74E-05,-4.24138555465448
0.0172468,5.39E-05,-4.26820170026414
0.0181463,6.54E-05,-4.18411412553153
0.018928,6.73E-05,-4.17189573826845
0.019568,6.85E-05,-4.16449860026667
0.0203723,7.86E-05,-4.10452771238089
0.0212312,8.21E-05,-4.08542510097088
0.022098,8.59E-05,-4.06599976401654
0.0229781,9.42E-05,-4.02616723378733
0.0236753,9.87E-05,-4.00563090404698
0.0244388,1.07E-04,-3.97257272037528
0.0252499,1.12E-04,-3.95161789069874
0.0260497,1.24E-04,-3.90566080571949
0.0268659,1.26E-04,-3.89978442582114
0.0276471,1.39E-04,-3.85649775132581
0.0284199,1.48E-04,-3.82929453331421
0.029212,1.56E-04,-3.80626642456141
0.0299559,1.61E-04,-3.79309860106006
0.0308168,1.72E-04,-3.76337180817742
0.0316222,1.86E-04,-3.73125241496058
0.0323821,1.99E-04,-3.7016013153963
0.0331029,2.06E-04,-3.68530230080805
0.0338632,2.15E-04,-3.66663213509491
0.0347226,2.25E-04,-3.6486111318376
0.0355847,2.35E-04,-3.62817859788688
0.0363698,2.53E-04,-3.59698059709704
0.0370297,2.64E-04,-3.57888295317093
0.037722,2.68E-04,-3.57226533007953
0.0386047,2.88E-04,-3.54055096716134
0.0394469,2.98E-04,-3.52590150690462
0.0402647,3.22E-04,-3.49266464937314
0.0411718,3.30E-04,-3.48166705386589
0.0421294,3.54E-04,-3.45152188919411
0.043016,3.74E-04,-3.42737766610129
0.0438025,3.94E-04,-3.40420560622327
0.0444279,3.79E-04,-3.42131908143019
0.045181,4.28E-04,-3.36822708341223
0.0460306,4.36E-04,-3.36005624820016
0.0468112,4.52E-04,-3.34507021116728
0.0473805,4.58E-04,-3.33890340229374
0.0479424,5.00E-04,-3.3013562733525
0.0486912,4.98E-04,-3.30287331286687
0.0495964,5.25E-04,-3.2800424215214
0.0502429,5.44E-04,-3.26432279065531
0.0510875,5.56E-04,-3.25510419649401
0.0519169,5.92E-04,-3.22799466583372
0.0527293,6.21E-04,-3.20660701593394
0.0533113,6.38E-04,-3.19512799859998
0.054081,6.77E-04,-3.16931883708193
0.0546617,6.77E-04,-3.16927439297736
0.0552679,7.16E-04,-3.14510644859351
0.0558804,7.23E-04,-3.14063056098098
0.0567935,7.50E-04,-3.12493636247162
0.0576294,7.67E-04,-3.11494855143177
0.0583667,7.94E-04,-3.10014646181845
0.059182,8.36E-04,-3.07801331496749
0.0599376,8.46E-04,-3.07248900171032
0.0606707,8.74E-04,-3.0582947185215
0.0614676,9.44E-04,-3.02495840454735
0.0624229,9.53E-04,-3.02101689449921
0.0633697,1.00E-03,-2.99967709183902
0.0641597,1.01E-03,-2.99678106830064
0.064804,1.06E-03,-2.97542292662649
0.0656113,1.10E-03,-2.95974745127987
0.0664349,1.14E-03,-2.94144385854347
0.0671522,1.17E-03,-2.93036837943783
0.0678016,1.19E-03,-2.92285318688633
0.0685161,1.26E-03,-2.8997984489921
0.0692112,1.30E-03,-2.88703658537051
0.0699151,1.33E-03,-2.87547712568299
0.0706416,1.40E-03,-2.85464513795245
0.0714467,1.39E-03,-2.85807041604037
0.0722901,1.43E-03,-2.84577617714906
0.0730654,1.47E-03,-2.83124452084691
0.0737662,1.50E-03,-2.82432424097697
0.0744389,1.56E-03,-2.80782551281269
0.0752013,1.61E-03,-2.79302117674141
0.075908,1.64E-03,-2.7853708630112
0.0765445,1.77E-03,-2.75314263438278
0.077069,1.75E-03,-2.75785386511112
0.0777504,1.80E-03,-2.7457350195017
0.0786232,1.80E-03,-2.74377615396343
0.0791795,1.85E-03,-2.73215099540134
0.0798896,1.95E-03,-2.70887645309489
0.0806654,1.96E-03,-2.70687355348187
0.0813218,1.97E-03,-2.70521989458542
0.0820375,2.04E-03,-2.69038115844062
0.08301,2.04E-03,-2.69005353019328
0.0839131,2.15E-03,-2.66757491252036
0.0848616,2.21E-03,-2.65568863839383
0.0855484,2.28E-03,-2.64257317455184
0.0861511,2.36E-03,-2.6272798834814
0.0868931,2.43E-03,-2.61452376613004
0.087601,2.42E-03,-2.61699277838264
0.0883918,2.55E-03,-2.59340905265687
0.0890468,2.64E-03,-2.57812018637504
0.0896078,2.59E-03,-2.58640484846715
0.0902555,2.74E-03,-2.56161116070061
0.0908533,2.71E-03,-2.56653948107401
0.0915043,2.86E-03,-2.54416431204802
0.092084,2.79E-03,-2.55458825205432
0.0927306,2.97E-03,-2.52702064081947
0.0934372,2.97E-03,-2.52789176174408
0.0941085,3.01E-03,-2.52172590753369
0.0947514,3.09E-03,-2.51018483328778
0.0953513,3.03E-03,-2.5181456176518
0.0960182,3.16E-03,-2.50031408558035
0.0967067,3.21E-03,-2.49293795330962
0.0975558,3.37E-03,-2.47219964944512
0.0984184,3.37E-03,-2.47271524905918
0.099096,3.41E-03,-2.46714461152825
0.0994373,3.50E-03,-2.45625478122039
0.0997411,3.64E-03,-2.43874797570184
0.1000445,3.72E-03,-2.42955061862722
