Overpotential / V,<I>/A,Tafel
-0.2443198,-3.23E-07,-6.49079365536253
-0.24530811,-5.49E-07,-6.26045616560888
-0.24628652,-8.81E-07,-6.05487166153668
-0.24733258,-1.20E-06,-5.92233162553474
-0.24832363,-1.40E-06,-5.85396137587616
-0.24931575,-1.76E-06,-5.75532679033643
-0.25029922,-1.95E-06,-5.71086324837557
-0.25131429,-2.29E-06,-5.64021677541262
-0.25230957,-2.51E-06,-5.60067670357954
-0.25330026,-2.83E-06,-5.54878559460463
-0.25428773,-3.16E-06,-5.50066547433065
-0.25530834,-3.41E-06,-5.46661881605086
-0.25631548,-3.64E-06,-5.43864932560021
-0.25729615,-3.96E-06,-5.40207594220927
-0.25830061,-4.33E-06,-5.36381753985464
-0.25930608,-4.63E-06,-5.33436106500738
-0.26031161,-4.89E-06,-5.31089389229924
-0.26130206,-5.27E-06,-5.27838744827484
-0.26232172,-5.59E-06,-5.25287177749426
-0.26330692,-5.99E-06,-5.22228439588013
-0.26430745,-6.35E-06,-5.19708503410903
-0.26530737,-6.73E-06,-5.17211766892394
-0.26630462,-7.06E-06,-5.15137555673095
-0.26730335,-7.42E-06,-5.1296425040127
-0.26830883,-7.79E-06,-5.10831908770604
-0.26931924,-8.18E-06,-5.08717593382454
-0.2703116,-8.60E-06,-5.06531513872515
-0.27132643,-9.09E-06,-5.04166423348095
-0.2723086,-9.52E-06,-5.0212894869661
-0.27330948,-9.98E-06,-5.00069354951893
-0.27431918,-1.04E-05,-4.98311815411433
-0.27530897,-1.09E-05,-4.96152860378529
-0.27629567,-1.14E-05,-4.94398758591065
-0.2773037,-1.19E-05,-4.92280371025325
-0.27830667,-1.25E-05,-4.90459629745067
-0.27932704,-1.30E-05,-4.88539050552723
-0.28031386,-1.35E-05,-4.86990571232099
-0.28130598,-1.42E-05,-4.84796578995277
-0.28229869,-1.47E-05,-4.8320317560283
-0.28331584,-1.54E-05,-4.8119642176703
-0.28429098,-1.60E-05,-4.79631186699174
-0.28529752,-1.66E-05,-4.77911204628435
-0.28629858,-1.73E-05,-4.76263265975622
-0.28730703,-1.81E-05,-4.74324603474939
-0.28831,-1.88E-05,-4.72627692638388
-0.28932065,-1.95E-05,-4.70924651659125
-0.29030276,-2.02E-05,-4.69468169239889
-0.29131443,-2.11E-05,-4.67615272303266
-0.29231257,-2.19E-05,-4.65879844564665
-0.29330946,-2.28E-05,-4.64181845981351
-0.2942893,-2.36E-05,-4.62658404522395
-0.29532195,-2.45E-05,-4.61073707104629
-0.29632539,-2.54E-05,-4.59536816774019
-0.29731113,-2.64E-05,-4.57857414192388
-0.29831213,-2.73E-05,-4.56370626041648
-0.29932136,-2.85E-05,-4.54560243090142
-0.30031813,-2.95E-05,-4.53043923834707
-0.3013298,-3.06E-05,-4.51467264200343
-0.30232937,-3.17E-05,-4.49929953280042
-0.30331475,-3.28E-05,-4.48351710938905
-0.30430091,-3.40E-05,-4.46906709273898
-0.30531026,-3.52E-05,-4.45310522667862
-0.30631161,-3.64E-05,-4.43845519595052
-0.30731565,-3.79E-05,-4.4210661306607
-0.30831356,-3.91E-05,-4.40751204793936
-0.30930717,-4.06E-05,-4.39154372636839
-0.31031585,-4.19E-05,-4.37755977912078
-0.31131984,-4.34E-05,-4.36237376327922
-0.31231017,-4.48E-05,-4.34861639418275
-0.3133036,-4.65E-05,-4.33240338104127
-0.31429703,-4.80E-05,-4.31863098713546
-0.31530041,-4.97E-05,-4.30371484834979
-0.31631613,-5.13E-05,-4.28995479862811
-0.31732035,-5.33E-05,-4.27347603341888
-0.31830258,-5.49E-05,-4.26061683380732
-0.31932092,-5.68E-05,-4.2455985866222
-0.3203323,-5.85E-05,-4.23292546442917
-0.32131321,-6.07E-05,-4.21684645757562
-0.32232369,-6.25E-05,-4.20382549457021
-0.3233071,-6.46E-05,-4.18996519623517
-0.32431919,-6.66E-05,-4.17649776433423
-0.32531602,-6.90E-05,-4.16142430388997
-0.32631821,-7.12E-05,-4.1476569317309
-0.32732607,-7.33E-05,-4.13465375403308
-0.32832272,-7.57E-05,-4.1210721490803
-0.32931996,-7.83E-05,-4.10649200098346
-0.33031977,-8.05E-05,-4.09402744890205
-0.33131612,-8.31E-05,-4.08049579633356
-0.33232433,-8.59E-05,-4.06611058144826
-0.33332092,-8.82E-05,-4.05431553429087
-0.33431257,-9.10E-05,-4.04091255108343
-0.33533926,-9.38E-05,-4.02757734046499
-0.33631761,-9.67E-05,-4.01445498123159
-0.33732326,-9.96E-05,-4.00194333939628
-0.33833087,-0.000102651572855,-3.98863439186449
-0.33932925,-0.00010552340501,-3.97665120349947
-0.3403234,-0.000108986749469,-3.96262630006219
-0.34133238,-0.000111896345064,-3.95118409885486
-0.34231556,-0.000115454050661,-3.9375908254262
-0.34332801,-0.000118528701089,-3.92617647484086
-0.34433193,-0.000122124752392,-3.91319630380472
-0.3453368,-0.000125513677089,-3.90130894700788
-0.34633232,-0.000129594262327,-3.88741422604883
-0.34733117,-0.000132802219061,-3.87679466805577
-0.3483432,-0.000136570121679,-3.86464430365037
-0.34932137,-0.000140334531941,-3.85283544952734
-0.35032023,-0.000144341516774,-3.84060873534709
-0.35132284,-0.000148218092595,-3.82909877992948
-0.35232539,-0.000152710556329,-3.81613094069874
-0.3533339,-0.000156348865686,-3.80590526522383
-0.35431493,-0.0001606363095,-3.79415628201438
-0.35532678,-0.000164667293654,-3.78339265217392
-0.35633446,-0.00016957433082,-3.77063988808835
-0.35732491,-0.000173551423009,-3.76057182104395
-0.3583212,-0.000178426536887,-3.74854055373587
-0.35932405,-0.000182672361447,-3.73832715696729
-0.36032004,-0.000187697152435,-3.72654231603762
-0.36131311,-0.000192149006796,-3.71636185602964
-0.36231453,-0.000197553270358,-3.70431577647671
-0.36329711,-0.000202107970258,-3.6944165594646
-0.36430491,-0.000207481636114,-3.68302033599934
-0.36532135,-0.00021213801219,-3.67338150496276
-0.36632425,-0.000217888775696,-3.66176514138775
-0.36731917,-0.000222719785481,-3.65224120037181
-0.36833764,-0.000228362860193,-3.64137452619226
-0.36932094,-0.000233588944845,-3.63154771509811
-0.37032241,-0.000239557483371,-3.62059025796727
-0.37130792,-0.00024446751129,-3.61177884862587
-0.37232674,-0.000250818972545,-3.60063961552921
-0.3733303,-0.000256139224395,-3.59152390988001
-0.37433178,-0.000262495253511,-3.5808785451822
-0.37532658,-0.00026782044482,-3.57215627297837
-0.37631322,-0.000274183097916,-3.56195932091015
-0.37732334,-0.0002799996357,-3.55284253370672
-0.37831039,-0.000286469404551,-3.54292175465343
-0.37932021,-0.00029211056329,-3.53445273780304
-0.38029487,-0.000299083017917,-3.52420824572661
-0.38132269,-0.000304541469586,-3.51635356087628
-0.38231433,-0.000311843241634,-3.50606366367923
-0.38330007,-0.000317680146442,-3.49800992574648
-0.3843099,-0.000325032659599,-3.48807299849451
-0.3852957,-0.00033081981933,-3.48040847987039
-0.38630719,-0.000338272217627,-3.47073366945088
-0.38730151,-0.000344074722621,-3.46334723156242
-0.38829363,-0.000351549640367,-3.45401334200899
-0.38930429,-0.000357969847784,-3.44615355294449
-0.39030141,-0.000365775216681,-3.43678572374533
-0.39131845,-0.00037173725568,-3.42976391152848
-0.39230908,-0.000379774105563,-3.42047465043269
-0.39331914,-0.000385706860986,-3.41374263579855
-0.39430494,-0.000393982512807,-3.40452305421451
-0.39532007,-0.00040020592559,-3.39771648533512
-0.39632476,-0.000408142821449,-3.38918783761205
-0.39730997,-0.000414460689036,-3.38251665532892
-0.39831049,-0.000422548424384,-3.37412351337117
-0.39932079,-0.000429529385227,-3.36700711959638
-0.40032036,-0.000437899476745,-3.35862557375482
-0.40132726,-0.000443880480197,-3.35273395281027
-0.4023009,-0.000452349880917,-3.34452551967691
-0.40329421,-0.00045861315403,-3.33855349291027
-0.40429557,-0.000467363204876,-3.3303454822483
-0.40529621,-0.000474291305644,-3.32395483643901
-0.40629262,-0.000482441792472,-3.31655507762246
-0.40729881,-0.000489009667671,-3.31068255483427
-0.40830374,-0.000497509106373,-3.30319896554889
-0.40929908,-0.000504685921388,-3.29697881008499
-0.41029222,-0.000513175114851,-3.28973441181542
-0.41129858,-0.000519349381052,-3.28454038162474
-0.41229261,-0.000528104081405,-3.27728047609262
-0.41331024,-0.000534552992011,-3.2720092352686
-0.41431732,-0.000542900222664,-3.26527998022356
-0.41531623,-0.000550025997338,-3.25961678280792
-0.41630466,-0.000558553576193,-3.25293516323014
-0.41730023,-0.000565765150098,-3.24736380764984
-0.4183125,-0.000573898791232,-3.24116468998001
-0.41931272,-0.000580749710953,-3.23601099768207
-0.42031688,-0.000588825741783,-3.23001321213889
-0.4213115,-0.000595371170176,-3.22521219914251
-0.42230446,-0.000604719360118,-3.21844612721408
-0.42331112,-0.00061101990338,-3.21394464280602
-0.42428941,-0.000619422753652,-3.20801284546942
-0.42530072,-0.000625843478091,-3.20353426918757
-0.42630393,-0.000633925313889,-3.19796190564599
-0.42730189,-0.000640619992658,-3.19339951187024
-0.42830522,-0.00064875059906,-3.18792222811344
-0.42930365,-0.000654981598672,-3.18377090108836
-0.4303242,-0.000663997101494,-3.17783381642702
-0.43130023,-0.00066959281114,-3.17418921764792
-0.43230654,-0.000679187467391,-3.16801033644676
-0.43330503,-0.000684968951331,-3.16432911401321
-0.43429709,-0.000693887114318,-3.15871117740754
-0.43530638,-0.000700051688348,-3.1548698926494
-0.43630619,-0.000707753107228,-3.15011821528838
-0.43731225,-0.000714573696946,-3.14595297397411
-0.43830145,-0.000722688597041,-3.14104879775386
-0.43930776,-0.000728941889135,-3.13730709203046
-0.44030596,-0.000736893740517,-3.13259513254006
-0.44129855,-0.000742242255145,-3.12945432531224
-0.44229401,-0.000750670578745,-3.12455060523289
-0.44330347,-0.000756755565673,-3.12104437627559
-0.444304,-0.000764972402128,-3.11635423258469
-0.44529022,-0.000770068625885,-3.1134705702624
-0.44632594,-0.000777192473067,-3.10947141409575
-0.44731221,-0.000783673601501,-3.10586478244677
-0.448299,-0.000790179066636,-3.10227447979874
-0.44929747,-0.000796320112077,-3.09891231547576
-0.450308,-0.000803448269075,-3.09504208054176
-0.4512972,-0.000808484438393,-3.09232833492289
-0.45229513,-0.000817040312207,-3.08775651514773
-0.45328573,-0.000821691246634,-3.08529133948211
-0.45430631,-0.000829612183212,-3.08112487877072
-0.45529494,-0.00083473478368,-3.07845148892396
-0.45630834,-0.000841828275886,-3.07477649097223
-0.45728791,-0.000847149765602,-3.07203980498831
-0.45828096,-0.000853507649705,-3.06879258209472
-0.4592788,-0.00085862254103,-3.0661977143698
-0.46030528,-0.000865162347064,-3.06290238985497
-0.46128205,-0.00086927023392,-3.06084519149582
-0.46230126,-0.000876836808191,-3.05708122749692
-0.46329579,-0.000881735295333,-3.05466177431302
-0.46431271,-0.000888325008253,-3.05142811139829
-0.46530876,-0.000893271527357,-3.04901650873928
-0.46632934,-0.000899945924679,-3.04578358535943
-0.4672888,-0.000905053334104,-3.04332582739763
-0.46825931,-0.00091081800505,-3.04056839283903
-0.46929384,-0.00091618347844,-3.03801754413259
-0.47031078,-0.000922548189621,-3.03501093905509
-0.47130213,-0.000926052294672,-3.03336448778242
-0.47228689,-0.000932936849693,-3.03014775256418
-0.4732959,-0.000937206950867,-3.02816449908513
-0.47429732,-0.000942668376697,-3.02564106176992
-0.47530425,-0.000947720659414,-3.02331965206314
-0.47628389,-0.000951551175366,-3.02156784996094
-0.47725845,-0.000956547475109,-3.01929347031372
-0.47828246,-0.000961351722203,-3.0171176913475
-0.47928501,-0.000966021845462,-3.01501305240812
-0.48030216,-0.000971616817431,-3.01250497672568
-0.481284,-0.000974625096829,-3.01116240962418
-0.48229606,-0.000981050398063,-3.00830868167372
-0.48331202,-0.000984466362469,-3.00679911837181
-0.48433328,-0.000989639663172,-3.00452290720317
-0.48530603,-0.00099392115035,-3.00264806764114
-0.48628915,-0.000998260907829,-3.00075593564504
-0.48728371,-0.001002688975108,-2.99883376024173
-0.48830316,-0.001006810625946,-2.99705220952674
-0.48929081,-0.001010901362946,-2.99529121791865
-0.49029297,-0.001015498366069,-2.99332077103596
-0.49128009,-0.001017086232012,-2.99264222456065
-0.49229998,-0.001023587726884,-2.98987493007122
-0.49329347,-0.001026718933549,-2.98854842915342
-0.49430559,-0.001031397662091,-2.98657385736029
-0.49528731,-0.00103507613708,-2.98502770363927
-0.49626488,-0.001038818706931,-2.98346023824598
-0.49727655,-0.001042942295334,-2.98173971986816
-0.4982667,-0.001046946852571,-2.98007536437732
-0.49930096,-0.001050386163923,-2.97865100756906
-0.50029246,-0.001054607966156,-2.97690895247687
-0.50129209,-0.001055928210417,-2.97636560725618
-0.50230218,-0.001061023794529,-2.97427487649776
-0.50329397,-0.001063394782858,-2.97330547471739
-0.50429294,-0.001068088300664,-2.9713928419648
-0.50529242,-0.001071736936768,-2.96991180133186
-0.50626684,-0.001075477570847,-2.96839864242097
-0.50728295,-0.001078705818289,-2.96709697877735
-0.50827072,-0.00108156850189,-2.96594596901216
-0.50929648,-0.001083572704483,-2.96514194350758
-0.51027308,-0.001087438729074,-2.96359520368329
-0.51128248,-0.001088613996489,-2.96312608618747
-0.5122954,-0.001094186303378,-2.96090872586313
-0.51328594,-0.001095890862246,-2.96023269428617
-0.51429284,-0.001099098349749,-2.95896344420782
-0.51528323,-0.001102006464369,-2.95781585790578
-0.51626626,-0.001104338289411,-2.95689786979543
-0.51729245,-0.001107030720484,-2.95584032713233
-0.51827941,-0.001109979626343,-2.95468499260787
-0.51928247,-0.001112080018829,-2.95386396231712
-0.52029137,-0.001115575776608,-2.95250092448822
-0.52128578,-0.001117194742378,-2.9518711167962
-0.52229125,-0.001121002083437,-2.9503935802467
-0.52327875,-0.001123906859369,-2.94926967821364
-0.52427176,-0.001125787154392,-2.94854371109287
-0.52529178,-0.001129492844558,-2.94711651603059
-0.5263036,-0.00113238629616,-2.94600539499242
-0.52728323,-0.001135993990219,-2.94462396617913
-0.52827827,-0.001138238109234,-2.94376687791492
-0.52928973,-0.001140945798683,-2.94273498651257
-0.53029347,-0.001144101860347,-2.94153530822031
-0.53129692,-0.00114588163117,-2.94086024239017
-0.5322573,-0.001148894168023,-2.9397199751069
-0.53328366,-0.001151599883067,-2.9386983878919
-0.53429327,-0.001152998087031,-2.93817141325398
-0.5352763,-0.001156558475975,-2.9368324042673
-0.53628737,-0.00115753927137,-2.93646426592554
-0.53727708,-0.00115916858917,-2.93585339576913
-0.5383122,-0.001160686032502,-2.9352852417536
-0.53931618,-0.001161116217987,-2.93512430885351
-0.54030956,-0.001163445863321,-2.93425382020536
-0.54129709,-0.001165854219899,-2.93335575099338
-0.54228646,-0.001168652302137,-2.93231468107448
-0.54329256,-0.001171438453236,-2.93128052407265
-0.54430342,-0.001172587406304,-2.93085477448858
-0.54528997,-0.0011750184499,-2.92995531413523
-0.5463267,-0.001176199477166,-2.92951901798278
-0.54728533,-0.001178301452487,-2.92874358696563
-0.54829789,-0.001180982585307,-2.92775650641785
-0.54931394,-0.001183143504654,-2.92696257616708
-0.55030785,-0.001185827155632,-2.9259786084639
-0.55129866,-0.001186461479714,-2.92574635725231
-0.55227692,-0.001188718900774,-2.92492083190417
-0.5532814,-0.00119087230359,-2.92413480511641
-0.55428643,-0.001192122963154,-2.92367894638698
-0.55527768,-0.00119474319134,-2.92272543577825
-0.55627776,-0.001195577652642,-2.92242221125149
-0.55728573,-0.001197351851535,-2.92177820988923
-0.55829925,-0.001199473597109,-2.92100930730927
-0.55928791,-0.001200316290061,-2.92070429984531
-0.56032077,-0.001201926571627,-2.92012206354051
-0.56131855,-0.001202728021476,-2.91983257060408
-0.56227729,-0.00120580948158,-2.91872130549168
-0.56328133,-0.001207300445272,-2.91818463919289
-0.56427888,-0.00120829916773,-2.91782552365488
-0.56530998,-0.001211313933962,-2.91674328698217
-0.56631086,-0.001213257635081,-2.91604696697066
-0.56727482,-0.001214302078717,-2.91567326153042
-0.56830139,-0.001214688190018,-2.9155351909826
-0.56928078,-0.001213414460559,-2.91599083376697
-0.57029367,-0.001216237680504,-2.91498154575043
-0.57129828,-0.001216407912749,-2.91492076342763
-0.57229469,-0.001220894717646,-2.91332178529086
-0.57329971,-0.001222506170885,-2.91274893999598
-0.57426441,-0.001222734651632,-2.91266777995093
-0.57529265,-0.001223493102386,-2.91239847470134
-0.57628054,-0.001225043405261,-2.91184852327373
-0.57728992,-0.001226722946873,-2.91125351081038
-0.57831714,-0.001228372017956,-2.91067008524877
-0.57928313,-0.001228955492101,-2.91046384525415
-0.58030144,-0.001231694488752,-2.90949700183332
-0.581287,-0.001230509153257,-2.90991515140926
-0.58230407,-0.001235349537598,-2.90821014299382
-0.58330468,-0.001235362906147,-2.90820544322623
-0.58430151,-0.001235254418933,-2.90824358381404
-0.585311,-0.001236166101225,-2.90792317002488
-0.58626167,-0.00123700514353,-2.90762849454874
-0.58728603,-0.001239010109118,-2.9069251501888
-0.58830441,-0.00124061312968,-2.90636362691334
-0.58929513,-0.001241646440769,-2.90600205205207
-0.59028054,-0.001244052761131,-2.90516120052776
-0.59126506,-0.001242362372439,-2.90575171060329
-0.59228352,-0.001244668801626,-2.90494619616814
-0.59328917,-0.001243162075816,-2.90547224702679
-0.5943111,-0.001244526515128,-2.90499584614153
-0.5952949,-0.001244894753452,-2.90486736336924
-0.59627337,-0.001246091445425,-2.90445008545677
-0.59729714,-0.001247734178823,-2.90387792824864
-0.5982985,-0.001249103330214,-2.90340163377523
-0.59930793,-0.001249820476743,-2.9031523642393
-0.60027159,-0.001251913687421,-2.90242561231476
-0.60128216,-0.001251016365985,-2.9027370087634
-0.60229916,-0.001254412160841,-2.90155974439121
-0.60327951,-0.001253407457498,-2.90190772567179
-0.60427288,-0.001255714269562,-2.90110917052686
-0.60529352,-0.001256598692387,-2.90080339654532
-0.60630409,-0.001257832787379,-2.90037708889494
-0.60728423,-0.001258465039509,-2.90015884476328
-0.60827283,-0.001259433061298,-2.89982491024708
-0.60926224,-0.001258356458473,-2.90019631753994
-0.61026875,-0.001261016687723,-2.89927916613258
-0.61127198,-0.001260002722067,-2.89962851664645
-0.61229239,-0.001264612946245,-2.89804237648914
-0.61331252,-0.001262180451442,-2.89887855043026
-0.61429972,-0.001263302830634,-2.89849253075196
-0.61529393,-0.001262439970203,-2.89878926368804
-0.61628909,-0.001264774406812,-2.89798693109997
-0.61730314,-0.001265704421809,-2.89766770266366
-0.61831889,-0.001268195051148,-2.89681394588436
-0.61928941,-0.001267908412963,-2.89691211647107
-0.6202786,-0.001270522341684,-2.89601769363227
-0.62127591,-0.001268489871864,-2.89671299601115
-0.62227926,-0.001273411416069,-2.89503126102656
-0.62330512,-0.001270771242954,-2.89593262164443
-0.6243083,-0.001274864182566,-2.89453608025274
-0.62528426,-0.001274547594841,-2.89464394223409
-0.62628431,-0.001276340000745,-2.89403361967571
-0.62729499,-0.001273925764417,-2.89485587894205
-0.6282858,-0.001274995681588,-2.8944912861834
-0.62928716,-0.001274649652756,-2.89460916800122
-0.63027877,-0.001276737925217,-2.89389824080461
-0.63127641,-0.001275107740942,-2.89445311772439
-0.63227222,-0.001279622694684,-2.89291806611153
-0.63327859,-0.001277162464956,-2.89375385360099
-0.63428635,-0.001280890485065,-2.89248800043892
-0.63528071,-0.001279196601223,-2.89306270316428
-0.63627882,-0.001281423909935,-2.89230717682006
-0.63729174,-0.001279770870314,-2.89286777930995
-0.63829011,-0.001282415471833,-2.89197125103196
-0.63928721,-0.001282212742777,-2.89203991136264
-0.64030407,-0.00128379580006,-2.89150404944449
-0.6413098,-0.001281613858762,-2.89224280498085
-0.64230192,-0.001284530842056,-2.89125546370291
-0.64327467,-0.00128137996503,-2.89232207068654
-0.64429811,-0.001283729233951,-2.89152656863574
-0.64528126,-0.001282406354668,-2.89197433860276
-0.64628712,-0.001285922727237,-2.89078512794585
-0.64729128,-0.001284042929886,-2.89142045609525
-0.64827321,-0.00128632280672,-2.89065003017933
-0.64928708,-0.001285921671876,-2.89078548437289
-0.65028221,-0.001288568484976,-2.88989249456987
-0.65127975,-0.0012871893585,-2.89035755930962
-0.65229831,-0.001289592511262,-2.88954749750472
-0.65328903,-0.001286981792086,-2.89042759734786
-0.65431554,-0.001289892041987,-2.88944663662434
-0.65528563,-0.001288457385368,-2.88992994079616
-0.65630669,-0.001291070356275,-2.88905009041404
-0.65730248,-0.0012882786854,-2.88999017856055
-0.6582929,-0.001290413539995,-2.88927108864908
-0.65930111,-0.00128893711073,-2.88976827204095
-0.6602929,-0.001291499348426,-2.8889058085963
-0.66129927,-0.001291606778624,-2.88886968438016
-0.66231493,-0.001295992715767,-2.88739743944616
-0.66328216,-0.001294323780884,-2.88795706936897
-0.66428373,-0.001298423375796,-2.88658367441411
-0.66527197,-0.00129498289084,-2.88773596939191
-0.66629712,-0.00129782817361,-2.88678280229126
-0.66727037,-0.001295967332191,-2.88740594570927
-0.6682863,-0.001298249268008,-2.8866419136013
-0.66928578,-0.001297828325795,-2.88678275136533
-0.67028836,-0.001299061420477,-2.88637031471321
-0.67125545,-0.001297060129267,-2.88703989037418
-0.67228685,-0.001299569118906,-2.88620061715476
-0.67328588,-0.00129811319695,-2.88668743491056
-0.67431302,-0.00130124637319,-2.88564046793739
-0.67527101,-0.001300140279173,-2.88600978678247
-0.67627785,-0.001301345335803,-2.88560744015474
-0.67727739,-0.001299394403343,-2.88625900812825
-0.67827428,-0.001301231480721,-2.88564543836742
-0.67927969,-0.001300913555065,-2.88575156109077
-0.68029127,-0.001302630206225,-2.88517885534605
-0.68129731,-0.001301649001462,-2.88550611045245
-0.68227617,-0.001304036972285,-2.88471009523606
-0.68328188,-0.00130193582191,-2.88541042350783
-0.68429623,-0.001303091034983,-2.88502524306734
-0.68529213,-0.001300938143084,-2.88574335275106
-0.68627647,-0.00130270352187,-2.88515441273464
-0.6872677,-0.001300980335584,-2.88572926778256
-0.68826929,-0.001303465702605,-2.88490039170328
-0.68927482,-0.001303128980652,-2.88501259671011
-0.69028101,-0.001304035520802,-2.88471057863617
-0.69128121,-0.001303452293078,-2.88490485957205
-0.69228495,-0.001306447364528,-2.88390808287931
-0.69329516,-0.00130645739908,-2.88390474716592
-0.69427962,-0.001307462472331,-2.88357076769481
-0.69527508,-0.001304210583369,-2.88465227991442
-0.69631506,-0.001304453055064,-2.88457154576542
-0.69728164,-0.001302473275612,-2.88523117887174
-0.69828648,-0.001303663292003,-2.8848345629811
-0.6992688,-0.001304700505678,-2.88448916929029
-0.7002693,-0.001307595889877,-2.8835264531929
-0.70128166,-0.00130788365517,-2.88343088763653
-0.70226503,-0.00130878611792,-2.88313132013871
-0.70328068,-0.00130799780924,-2.8833929834091
-0.70427377,-0.001310285959255,-2.8826339127613
-0.70528939,-0.001309236306007,-2.88298195991766
-0.70628326,-0.001308809138559,-2.88312368126774
-0.7072772,-0.001306687732952,-2.88382818599193
-0.70828997,-0.001305573090221,-2.88419880994511
-0.70930021,-0.001306378224658,-2.88393106724096
-0.71028974,-0.00130607854368,-2.88403070509698
-0.71126146,-0.001307319266515,-2.88361833839244
-0.71227203,-0.00130770203209,-2.88349120139462
-0.71328715,-0.001306979682297,-2.88373116370874
-0.7143066,-0.00130946230571,-2.88290699869552
-0.71528589,-0.00131005260776,-2.8827112640379
-0.71629343,-0.001311662208565,-2.8821779941102
-0.7172805,-0.001312581756601,-2.88187363623843
-0.71828575,-0.001311790675615,-2.88213546044684
-0.71929411,-0.001312445518871,-2.88191871561322
-0.72030062,-0.001310804481722,-2.88246208240743
-0.721309,-0.001312963636247,-2.88174730193483
-0.7222987,-0.001311981642136,-2.88207224177047
-0.72327032,-0.001311942675875,-2.88208514064247
-0.72429309,-0.001312697507165,-2.8818353394887
-0.72529378,-0.00131336104925,-2.8816158678615
-0.72627901,-0.001314170809808,-2.88134818353135
-0.72730159,-0.00131461311863,-2.88120203817455
-0.72829425,-0.001313957795777,-2.88141858405756
-0.72928735,-0.001315184599685,-2.88101328519848
-0.73029686,-0.001313662043876,-2.88151634813822
-0.73130567,-0.001316179367541,-2.88068492149321
-0.73229476,-0.001314206035049,-2.88133654278969
-0.73329169,-0.001315062746544,-2.88105352487193
-0.73431525,-0.001315020428488,-2.88106750047422
-0.73529427,-0.001313975557409,-2.88141271345291
-0.73629834,-0.001313906698453,-2.88143547327364
-0.73731237,-0.001313756567599,-2.88148509987738
-0.73830973,-0.001313519264123,-2.88156355345199
-0.73930369,-0.001314683672869,-2.88117873056114
-0.74030415,-0.001313644051,-2.88152229659383
-0.7412831,-0.001314549694321,-2.88122299148131
-0.74230842,-0.00131545098733,-2.88092532874786
-0.74329955,-0.001313493092717,-2.88157220670193
-0.74431283,-0.001314280304368,-2.88131200033349
-0.74531314,-0.001313060507316,-2.88171526066749
-0.74630477,-0.001315233359044,-2.88099718439561
-0.74729937,-0.001314506299656,-2.88123732823455
-0.74828473,-0.001316262208063,-2.88065758779511
-0.74929703,-0.001315661820825,-2.8808557279135
-0.75030174,-0.001317828920704,-2.88014096577885
-0.7512961,-0.001315803607719,-2.88080892717259
-0.75228485,-0.001317881725177,-2.88012356425493
-0.75330656,-0.001315061008489,-2.88105409885834
-0.75432085,-0.001317359095232,-2.88029582578191
-0.75529576,-0.001316564919082,-2.88055772121116
-0.75630128,-0.001317676158829,-2.88019131183218
-0.75730932,-0.001317528709631,-2.88023991251117
-0.75826674,-0.001317452765173,-2.88026494665985
-0.75928735,-0.001316575160871,-2.88055434277154
-0.76030017,-0.001317266087427,-2.88032648879754
-0.76128938,-0.001315622059835,-2.88086885304859
-0.76232625,-0.001317187061464,-2.88035254395029
-0.76330253,-0.001315408501084,-2.88093935575483
-0.76429219,-0.001314630982639,-2.88119613667578
-0.76530168,-0.001316258441381,-2.88065883059591
-0.7663122,-0.001316660882698,-2.88052606690418
-0.76732501,-0.001318878916403,-2.87979507431869
-0.76831428,-0.00131966980257,-2.87953472096158
-0.76929439,-0.001319691562542,-2.87952755995959
-0.77028038,-0.001319309316162,-2.87965337082712
-0.77130265,-0.001320001230472,-2.87942566395566
-0.7723104,-0.001319768343259,-2.87950229309233
-0.77330992,-0.001321890972969,-2.87880436314896
-0.7743044,-0.00132032267087,-2.87931991951118
-0.77529664,-0.001321531434026,-2.87892250225479
-0.77628409,-0.001318950634864,-2.87977145874288
-0.77731528,-0.001321261626703,-2.87901117800759
-0.77829676,-0.001319591668193,-2.8795604352222
-0.77930639,-0.001321046930496,-2.87908175369996
-0.78029052,-0.001319903811647,-2.87945771697076
-0.78129262,-0.001320282428491,-2.87933315666151
-0.78229358,-0.00131986674556,-2.87946991317987
-0.78329126,-0.001323070280392,-2.87841708583843
-0.78429913,-0.001320524811745,-2.87925343428851
-0.78530125,-0.001322990748893,-2.87844319263686
-0.7863035,-0.001320733223524,-2.87918489718622
-0.78729741,-0.001321790134051,-2.87883749406269
-0.78830204,-0.001321304350815,-2.87899713495509
-0.789319,-0.001321714851729,-2.87886222993211
-0.79029306,-0.001319726071148,-2.87951620374458
-0.79130927,-0.00132083168957,-2.87915251996925
-0.79229329,-0.00131833979584,-2.87997263796755
-0.7932997,-0.001320938948818,-2.8791172541525
-0.79429179,-0.001318678030399,-2.87986122923757
-0.79531095,-0.00132034253329,-2.87931338620328
-0.79630824,-0.001320717450507,-2.87919008383184
-0.79730738,-0.001321762534065,-2.87884656255734
-0.79829048,-0.001321340791605,-2.87898515753623
-0.79930223,-0.00132088458,-2.87913512974297
-0.80031378,-0.001320366582385,-2.87930547591211
-0.80129155,-0.001321453680595,-2.87894805509349
-0.8022813,-0.001319542534235,-2.8795766061366
-0.80329592,-0.001322000820742,-2.87876827522599
-0.80430112,-0.001321411374267,-2.87896195925018
-0.80528561,-0.001321567180532,-2.87891075505005
-0.80627345,-0.001321517613199,-2.87892704421281
-0.80728603,-0.001321933143807,-2.87879050854936
-0.80828606,-0.001322674481405,-2.87854702529414
-0.80929395,-0.001322544778111,-2.87858961490168
-0.81029501,-0.001323047293833,-2.87842463118393
-0.81131151,-0.001326051555712,-2.87743959061757
-0.8123052,-0.00132417225341,-2.87805551652808
-0.81331415,-0.001325920015849,-2.87748267330901
-0.8142992,-0.001324244355024,-2.87803186969472
-0.81528524,-0.001324515741456,-2.87794287588163
-0.81629171,-0.001324856741699,-2.87783107995611
-0.81728322,-0.001324701822466,-2.87788186620314
-0.81828447,-0.001324814812177,-2.87784482487481
-0.8192965,-0.001325170031024,-2.87772839433243
-0.82027791,-0.001323916658759,-2.87813935309892
-0.82129531,-0.001325114930118,-2.87774645278284
-0.82229288,-0.001322726734121,-2.87852986867848
-0.82330796,-0.001324246424768,-2.87803119090945
-0.82428244,-0.001322118041554,-2.87872976837009
-0.82527447,-0.001322564232819,-2.87858322645254
-0.82629996,-0.001323911298894,-2.87814111133985
-0.82728751,-0.001324086435553,-2.87808366349263
-0.82829072,-0.001324604663584,-2.87791372025001
-0.82928669,-0.001325241443322,-2.87770499119901
-0.83029095,-0.001324102185529,-2.87807849760121
-0.83129571,-0.001325475959038,-2.87762814492198
-0.83229678,-0.0013230312904,-2.87842988439355
-0.83331803,-0.001325807542851,-2.87751951450158
-0.83428944,-0.001325140725959,-2.87773799851038
-0.8352864,-0.001325300321949,-2.87768569653014
-0.83629191,-0.001325823864589,-2.87751416802622
-0.83730289,-0.001325701559997,-2.87755423266893
-0.83829952,-0.001325865786523,-2.87750043605394
-0.83928502,-0.001326145913728,-2.87740868857039
-0.84030146,-0.001325029759081,-2.87777436771984
-0.84129055,-0.001327626831002,-2.87692397919335
-0.84232621,-0.001324731951924,-2.87787198857758
-0.84331177,-0.001326312511332,-2.87735413358143
-0.84428907,-0.00132610928281,-2.87742068485593
-0.845271125,-0.00132662727394,-2.87725107834772
-0.84631107,-0.001328343375,-2.87668964590816
-0.847301572,-0.001328380836933,-2.87667739811008
-0.848311804,-0.00132830957682,-2.87670069617552
-0.84930709,-0.001328544397183,-2.87662392779535
-0.850300334,-0.001327592273277,-2.87693528389435
-0.851307496,-0.001330284568999,-2.87605544660715
-0.852294258,-0.001327864176697,-2.87684634539544
-0.853312015,-0.001329160603798,-2.87642253965232
-0.854295574,-0.001327330483331,-2.87702093153087
-0.855277843,-0.001327566762765,-2.87694362921337
-0.856279231,-0.001327844590225,-2.87685275144197
-0.857298277,-0.001327686634467,-2.87690441667078
-0.858279206,-0.001328589235881,-2.87660927049787
-0.859279714,-0.001330073796765,-2.87612426231223
-0.860279917,-0.001330177293332,-2.87609047002238
-0.861319139,-0.001331325042993,-2.87571589858684
-0.862275347,-0.001327298440867,-2.87703141575713
-0.863301649,-0.001328211228743,-2.87673285254142
-0.864281386,-0.001326245326687,-2.87737613341876
-0.865292296,-0.001327614776652,-2.87692792244091
-0.86628168,-0.001328291444591,-2.87670662459851
-0.867271483,-0.001328314202665,-2.87669918374546
-0.868304141,-0.001328577774128,-2.87661301717681
-0.869278624,-0.001328164326234,-2.87674818885232
-0.870300203,-0.001328302508151,-2.87670300730263
-0.871301345,-0.001330167403238,-2.87609369908754
-0.872295603,-0.001328355067306,-2.87668582319038
-0.87330234,-0.001329909710145,-2.8761778430307
-0.874312542,-0.001327515636329,-2.87696035481784
-0.875298857,-0.001328532011007,-2.87662797679297
-0.876288905,-0.001328330387948,-2.87669389197333
-0.877284951,-0.00132887331355,-2.87651641999699
-0.878276802,-0.0013294715088,-2.87632096536782
-0.879270002,-0.001329598294502,-2.87627955063639
-0.880283557,-0.00132885967333,-2.87652087783535
-0.881275236,-0.00133049690889,-2.87598613009691
-0.88228964,-0.001327896224818,-2.8768358637858
-0.883291367,-0.001330892091962,-2.87585715546844
-0.884267389,-0.001329467552818,-2.87632225765867
-0.885296575,-0.001332101784647,-2.87546258986432
-0.8862871,-0.001332327521234,-2.87538900100671
-0.887279931,-0.00133293452652,-2.8751911825213
-0.88829188,-0.001332991028412,-2.87517277356024
-0.889305904,-0.001334764734738,-2.87459527617879
-0.89026225,-0.001334122867358,-2.87480417180002
-0.891310297,-0.001335103415919,-2.87448509293366
-0.892282124,-0.001331421892952,-2.87568430609691
-0.893288385,-0.00133513382229,-2.87447520218756
-0.894296352,-0.001333327205921,-2.87506325922242
-0.895277261,-0.001335369438899,-2.87439856719906
-0.896303873,-0.001334313653961,-2.87474206983989
-0.897293538,-0.001335322354403,-2.87441388048743
-0.89828851,-0.001334974165592,-2.874527138681
-0.899277933,-0.001335192333631,-2.87445616994125
-0.900281645,-0.00133047614426,-2.87599290804175
-0.901264764,-0.00133339329671,-2.87504173250825
-0.902264956,-0.001330958728161,-2.87583541139969
-0.903280392,-0.001333389974579,-2.87504281454834
-0.904291313,-0.001329966802426,-2.87615919941123
-0.905289754,-0.001331471332797,-2.87566817968841
-0.906280737,-0.001331198847542,-2.87575706703463
-0.907275039,-0.001331196347872,-2.87575788253549
-0.908303786,-0.001331652283117,-2.8756091619809
-0.909304078,-0.001332293048501,-2.87540023811697
-0.910278108,-0.001332103611419,-2.87546199429688
-0.911291636,-0.001334331052585,-2.87473640694583
-0.912278212,-0.001331711416305,-2.87558987718138
-0.913285598,-0.001333624217107,-2.87496652681188
-0.914294522,-0.001332208075457,-2.87542793810459
-0.915275642,-0.001332501858749,-2.87533217648993
-0.91628072,-0.001332945685696,-2.87518754667257
-0.917279947,-0.001332753080875,-2.87525030485978
-0.918293506,-0.001333446862659,-2.87502428609619
-0.919300159,-0.001333278878006,-2.87507900099019
-0.920283084,-0.001332231024349,-2.87542045692239
-0.921278001,-0.001334886092141,-2.87455579172662
-0.92225465,-0.001332522533972,-2.8753254379885
-0.923283156,-0.001335225579087,-2.87444535641412
-0.924294119,-0.001334031457426,-2.87483392932081
-0.92530841,-0.001334316141489,-2.87474126019614
-0.926280651,-0.001334453827253,-2.87469644841533
-0.927276233,-0.001334384411849,-2.87471904006316
-0.928294761,-0.001334809863181,-2.87458059291531
-0.929315451,-0.001334403614065,-2.8747127904725
-0.930297645,-0.001331438700082,-2.87567882383932
-0.93130787,-0.001333302015508,-2.87507146438066
-0.932279853,-0.001330668844697,-2.87593001125344
-0.933302722,-0.001333738408707,-2.87492934193039
-0.934310284,-0.001331083386033,-2.87579473719286
-0.93530877,-0.001331726792924,-2.87558486262493
-0.9362978373,-0.001331550947632,-2.87564221198725
-0.9372843822,-0.001331712995414,-2.87558936220645
-0.9382847172,-0.001332324508164,-2.87538998316848
-0.9392762265,-0.001333201553949,-2.87510418880774
-0.9403021635,-0.001332784543849,-2.87524005237197
-0.9412761241,-0.001335720324268,-2.87428446576931
-0.9422872068,-0.001332415219396,-2.87536041526178
-0.9432961203,-0.001335237277465,-2.87444155142524
-0.94428154517,-0.001333205558222,-2.87510288440548
-0.94529317749,-0.001334702959353,-2.87461537659731
-0.9463056656,-0.001334526401013,-2.87467283011858
-0.9473035458,-0.001334829828529,-2.87457409702698
-0.9483020428,-0.001334839828036,-2.87457084364265
-0.9492876536,-0.001336121806392,-2.87415394797385
-0.9502932776,-0.001334686145048,-2.87462084778151
-0.9512726228,-0.001337282302341,-2.87377690282984
-0.9522939438,-0.001333377600958,-2.87504684474223
-0.9532997056,-0.001337085505189,-2.87384081918214
-0.9543014287,-0.00133407425094,-2.8748199980986
-0.955287857,-0.001335478538026,-2.8743630869699
-0.956281042,-0.001333807598937,-2.87490681265796
-0.957288972,-0.001333657884901,-2.87495556303933
-0.958304016,-0.001332672029182,-2.87527671738427
-0.959281655,-0.001333177215385,-2.8751121172415
-0.960289439,-0.001331439269914,-2.87567863796925
-0.961281249,-0.001334398743731,-2.87471437557245
-0.962268382,-0.001331752311714,-2.875576540675
-0.963278092,-0.001336564063474,-2.87401022003767
-0.964304708,-0.001332262298989,-2.87541026181069
-0.965295976,-0.001334611867313,-2.87464501773967
-0.966300528,-0.001332428830503,-2.87535597880806
-0.967308422,-0.001334193111846,-2.87478130584736
-0.96830251,-0.001334311145047,-2.8747428864459
-0.969322096,-0.001335392819097,-2.87439096345905
-0.970312759,-0.001335022308622,-2.87451147704803
-0.971299391,-0.001337458874754,-2.87371956313242
-0.972312526,-0.001333288058639,-2.87507601055466
-0.973315615,-0.00133796691798,-2.87355462462244
-0.97428484,-0.001333360644954,-2.87505236751813
-0.975301638,-0.001335786961571,-2.87426279993808
-0.976282362,-0.001333371303562,-2.87504889587232
-0.977282572,-0.001335876850894,-2.87423357587411
-0.97829384,-0.001333589346045,-2.87497788271554
-0.979295361,-0.001334516729884,-2.87467597740246
-0.980269599,-0.001333319344178,-2.8750658199752
-0.981284346,-0.001335997564235,-2.87419433365701
-0.98230068,-0.00133503294543,-2.87450801681488
-0.983296085,-0.001338231804332,-2.87346865291881
-0.984275881,-0.001332942263258,-2.87518866175765
-0.985316552,-0.001335222821545,-2.87444625333133
-0.986277334,-0.001331793705208,-2.87556304215387
-0.98729226,-0.00133328912076,-2.87507566458787
-0.988310937,-0.001330076834256,-2.87612327051446
-0.989309456,-0.001330945112087,-2.87583985437447
-0.990280587,-0.001328425281716,-2.87666286778827
-0.991300102,-0.001331608497986,-2.87562344194982
-0.992320534,-0.001330526080948,-2.87597660799653
-0.993320744,-0.001336148118393,-2.87414539557659
-0.994288783,-0.001330672158135,-2.87592892983759
-0.995301135,-0.001332084041365,-2.87546837460296
-0.996304195,-0.001329043243632,-2.87646088800735
-0.997296184,-0.001329639701656,-2.87626602578579
-0.998290475,-0.001329062257238,-2.87645467493263
-0.999289494,-0.001329770919901,-2.87622316865073
-1.000277385,-0.001327379972019,-2.87700473943424
-1.001293968,-0.001329878888196,-2.87618790834342
-1.002281345,-0.001326586130455,-2.87726454759133
-1.003298238,-0.001329166657257,-2.876420561729
-1.004300382,-0.001327932510525,-2.87682399654284
-1.005305808,-0.001327942154336,-2.87682084258844
-1.006294291,-0.001327949904043,-2.87681830810648
-1.007314093,-0.001324791919026,-2.87785232966326
-1.008295454,-0.001325202315218,-2.87771781404763
-1.009298451,-0.001323377276598,-2.87831632679737
-1.010281019,-0.001324237005026,-2.87803428018061
-1.011270187,-0.001323778510646,-2.87818467324313
-1.012291342,-0.001325975928042,-2.87746436010437
-1.013291932,-0.001324637162741,-2.87790306497178
-1.014299638,-0.00132698343777,-2.87713449758018
-1.015276506,-0.001323509018454,-2.878273095049
-1.016284741,-0.001326938619492,-2.87714916593161
-1.017297215,-0.0013221967568,-2.87870391244928
-1.018309481,-0.001324622991598,-2.87790771113601
-1.019275196,-0.001323178639704,-2.87838151862389
-1.020297616,-0.001323528200664,-2.87826680066997
-1.021302737,-0.001321249387468,-2.8790152010235
-1.02228567,-0.001323594095944,-2.8782451787323
-1.023300931,-0.001319834251923,-2.87948060515411
-1.024294562,-0.001323769219358,-2.87818772146396
-1.025299839,-0.001322537167481,-2.87859211407164
-1.026304483,-0.001324995186732,-2.87778569937217
-1.027317308,-0.001322552316719,-2.87858713939651
-1.028290562,-0.001320279699509,-2.87933405433543
-1.029291734,-0.001321142709642,-2.87905026742538
-1.030294537,-0.001321376557841,-2.87897340215193
-1.03130503,-0.001319097731124,-2.87972302665553
-1.03228154,-0.001320832111079,-2.87915238137529
-1.033310957,-0.001319147451746,-2.8797066571446
-1.034282408,-0.001320263143215,-2.87933950041792
-1.035288877,-0.001320048545384,-2.87941009712399
-1.036300294,-0.001319238268805,-2.8796767590542
-1.037297509,-0.001319697876633,-2.87952548207378
-1.038307637,-0.001316889030652,-2.88045081987953
-1.039287872,-0.001319391458123,-2.879626331914
-1.040269568,-0.001318891854474,-2.87979081395385
-1.041281275,-0.001321070528279,-2.87907399599287
-1.042307645,-0.001319176901546,-2.8796969616836
-1.04329168,-0.001319018444805,-2.87974913135195
-1.044296294,-0.001316942722847,-2.88043311318734
-1.04531356,-0.001322609223011,-2.87856845313588
-1.04628485,-0.001318369254884,-2.87996293352166
-1.04729605,-0.001321262511804,-2.87901088707769
-1.04830855,-0.00131625795254,-2.88065899188713
-1.04930862,-0.001317374626933,-2.88029070546785
-1.05029267,-0.001316264242072,-2.88065691668416
-1.0512977,-0.001316336850877,-2.88063296045045
-1.05230058,-0.001314703143995,-2.88117229848901
-1.05330273,-0.001317387789212,-2.88028636632526
-1.05430134,-0.001314256525012,-2.88131985812182
-1.05529973,-0.00131908824212,-2.87972615078873
-1.05630361,-0.001315513137728,-2.88090481035724
-1.05728927,-0.00131640804283,-2.88060947296972
-1.05829239,-0.001314720359113,-2.88116661174369
-1.05928764,-0.001315533650004,-2.88089803862789
-1.06027747,-0.001315340390222,-2.88096184377848
-1.06128816,-0.001315508951881,-2.8809061922461
-1.06229065,-0.001314675560428,-2.88118141044459
-1.06330129,-0.001316909779829,-2.88044397709938
-1.06429744,-0.001313149573074,-2.88168580318607
-1.06531031,-0.001315907031988,-2.88077479227299
-1.0662996,-0.001312648519184,-2.88185154703603
-1.06730953,-0.001314544580325,-2.88122468102143
-1.0683064,-0.001314138090859,-2.88135899630825
-1.06928575,-0.001312613500765,-2.88186313316029
-1.07029095,-0.001314616774105,-2.8812008305564
-1.0713022,-0.001313733929699,-2.88149258345515
-1.07228715,-0.001312211240331,-2.88199624641947
-1.07329594,-0.001314443801564,-2.88125797722008
-1.07429766,-0.001312973874311,-2.88174391546087
-1.0752914,-0.001316120586599,-2.88070431764036
-1.07629191,-0.001313890672806,-2.8814407703716
-1.07728615,-0.001314252055492,-2.88132133507199
-1.0782919,-0.001316284667011,-2.88065017763501
-1.0792877,-0.00131477282417,-2.88114928119127
-1.08027873,-0.001312473266765,-2.88190953379989
-1.08129852,-0.001311050989976,-2.88238041720818
-1.08229557,-0.001311922111307,-2.88209194821774
-1.08329994,-0.001311955243211,-2.88208098047712
-1.08428872,-0.001310153204948,-2.88267791642592
-1.08526122,-0.001311009172764,-2.8823942696624
-1.08629406,-0.001311618318298,-2.88219252652514
-1.08729803,-0.001312015980758,-2.88206087508782
-1.08828299,-0.001311997435297,-2.88206701392179
-1.08927988,-0.001309804461896,-2.88279353446479
-1.09030613,-0.001310778153991,-2.88247080537336
-1.09129482,-0.001307743992105,-2.88347726648449
-1.09230519,-0.00130833149384,-2.88328220424906
-1.09328217,-0.001306475053783,-2.88389887840348
-1.09429752,-0.001305600031383,-2.88418984815114
-1.0952886,-0.001305424784897,-2.88424814601294
-1.09631059,-0.001305641324984,-2.88417611247474
-1.09727775,-0.001304257595429,-2.88463662545614
-1.09828407,-0.001306580297373,-2.8838638950569
-1.09928393,-0.001304442041174,-2.88457521265993
-1.10030071,-0.001306340733474,-2.88394353104928
-1.10126746,-0.001303094414925,-2.88502411660092
-1.10229935,-0.001304656049444,-2.8845039676492
-1.10328018,-0.001301053191225,-2.88570494772499
-1.1043,-0.001299124110904,-2.88634935692852
-1.10531654,-0.00129737879943,-2.88693320318855
-1.10630769,-0.001300195720737,-2.88599126766396
-1.1072979,-0.001299947235043,-2.88607427538128
-1.10830694,-0.001301316109796,-2.88561719378077
-1.10927001,-0.001298805944208,-2.88645573241848
-1.1102893,-0.00129884027193,-2.886444254073
-1.11126346,-0.001295532565702,-2.88755166571415
-1.11229474,-0.001294873856698,-2.88777253738069
-1.1132823,-0.001291784662753,-2.88880987610277
-1.11429352,-0.001292157370321,-2.88868459090742
-1.11528533,-0.001289264283246,-2.88965804851868
-1.11629302,-0.001290733680543,-2.88916335727043
-1.11729356,-0.001287062416888,-2.8904003912054
-1.11828307,-0.00128891374088,-2.88977614634975
-1.11926847,-0.001285339500203,-2.89098214580283
-1.12028664,-0.001286599909956,-2.89055648333029
-1.12128609,-0.00128183722772,-2.89216711958414
-1.12229498,-0.00128284048427,-2.89182734292992
-1.12329187,-0.001279925216817,-2.89281540447121
-1.12430059,-0.001279496655696,-2.89296084491919
-1.12531396,-0.001275264775587,-2.89439963590583
-1.12631255,-0.001276690117187,-2.89391450346276
-1.12728947,-0.001271662327426,-2.89562819435115
-1.12828404,-0.001273831742781,-2.89488793307405
-1.12930369,-0.00126773675269,-2.89697091894905
-1.13030624,-0.001267174397078,-2.89716361047061
-1.13129807,-0.001262739190763,-2.89868634042572
-1.13229946,-0.001262430090871,-2.89879266230993
-1.13328629,-0.001259768048922,-2.89970941071288
-1.13430475,-0.001257686472325,-2.90042761032923
-1.13530839,-0.001253824599501,-2.90176321374191
-1.13631267,-0.00125622657038,-2.9009320250958
-1.13730019,-0.00124945213011,-2.9032803782148
-1.13830414,-0.00125057372644,-2.90289069974141
-1.13931119,-0.001245890954164,-2.90451996736953
-1.14031506,-0.001243895539531,-2.90521608950864
-1.14131207,-0.001240029059764,-2.90656813713821
-1.14231715,-0.001237392447751,-2.90749253896264
-1.14331078,-0.001233890185064,-2.9087234903377
-1.14433483,-0.001232083345177,-2.90935991301074
-1.14529478,-0.00122614952025,-2.91145656745196
-1.14632501,-0.001226839093284,-2.9112123936553
-1.14731824,-0.001220118382739,-2.91359802959091
-1.1483181,-0.001218343489286,-2.91423025318846
-1.14931213,-0.001213355812348,-2.91601182511889
-1.15033094,-0.001209675655459,-2.91733105937527
-1.15133315,-0.001204727192582,-2.9191112868401
-1.15232318,-0.001200177703191,-2.92075444578453
-1.15330286,-0.001195055475941,-2.9226119337652
-1.15432136,-0.001194290170929,-2.92289014194801
-1.15532414,-0.001187814602007,-2.92525134017005
-1.15631183,-0.001187839352836,-2.92524229074741
-1.1573093,-0.001182073370864,-2.92735556611768
-1.15830614,-0.001179437119514,-2.92832520812824
-1.15930898,-0.001172923575811,-2.93073028429106
-1.16030315,-0.001167520485404,-2.93273549053053
-1.1612908,-0.001163383126811,-2.93427723930517
-1.16229362,-0.001159948071672,-2.93556145274822
-1.16329657,-0.00115598286233,-2.93704860436758
-1.16430222,-0.001152623638235,-2.93831247806574
-1.16530456,-0.001145148179597,-2.94113831295932
-1.16632191,-0.001142607184472,-2.94210304951519
-1.16732145,-0.001136860702739,-2.94429274528412
-1.16831162,-0.001130824360859,-2.94660484426417
-1.16930816,-0.001126574788932,-2.94823997185624
-1.17031644,-0.001121620673962,-2.95015399429097
-1.17129941,-0.001117287019751,-2.95183524668591
-1.17230301,-0.001110854238548,-2.95434292355008
-1.1733096,-0.00110456166375,-2.95681003399908
-1.17429955,-0.001102175714931,-2.95774916234307
-1.17529613,-0.001096216350794,-2.9601037244253
-1.17631366,-0.001093762718417,-2.9610768839068
-1.17731763,-0.001087170823995,-2.96370221112119
-1.17830702,-0.001081551993887,-2.96595259770868
-1.17929687,-0.001077032359662,-2.9677712480377
-1.18029199,-0.001069667805124,-2.97075107540019
-1.18128208,-0.001066264967538,-2.97213485943675
-1.18229855,-0.001060927054672,-2.97431447551652
-1.1833064,-0.001053696727035,-2.97728436894085
-1.1843256,-0.001048547475426,-2.97941190106046
-1.18528975,-0.001042775068156,-2.98180936098247
-1.18630423,-0.001041628727896,-2.98228705086228
-1.18729909,-0.001035943002337,-2.98466413884916
-1.18831047,-0.00103376409784,-2.98557855475771
-1.18928672,-0.001030828361572,-2.98681364104784
-1.19028572,-0.001026546973597,-2.98862117302766
-1.1913014,-0.00102281955671,-2.99020097668603
-1.19228972,-0.001019669073461,-2.99154075263878
-1.1933048,-0.001014676327369,-2.99367247169706
-1.19428956,-0.001012402772352,-2.99464667424538
-1.19528679,-0.00100754224647,-2.99673673474117
-1.19631592,-0.001008512943707,-2.99631852348541
-1.19729678,-0.001005414377898,-2.9976549084484
-1.19831154,-0.001005772149811,-2.99750039431738
-1.19930888,-0.001004229109596,-2.99816719388198
-1.20029489,-0.001002541696308,-2.9988975557653
-1.20130245,-0.001003096257785,-2.99865738979219
-1.20232931,-0.001003566409979,-2.99845388323335
-1.20331535,-0.001002832399336,-2.99877164337591
-1.20432273,-0.001004765297804,-2.9979353728432
-1.20525143,-0.00100041163185,-2.99982126734251
