Time,Potential
sec,V
1,-0.3079
2,-0.3079
3,-0.3079
4,-0.3079
5,-0.3079
6,-0.3078
7,-0.3078
8,-0.3078
9,-0.3077
10,-0.3077
11,-0.3076
12,-0.3076
13,-0.3076
14,-0.3075
15,-0.3075
16,-0.3074
17,-0.3074
18,-0.3074
19,-0.3073
20,-0.3073
21,-0.3073
22,-0.3072
23,-0.3072
24,-0.3071
25,-0.3071
26,-0.3071
27,-0.307
28,-0.307
29,-0.3069
30,-0.3069
31,-0.3069
32,-0.3068
33,-0.3068
34,-0.3068
35,-0.3067
36,-0.3067
37,-0.3067
38,-0.3066
39,-0.3066
40,-0.3065
41,-0.3065
42,-0.3064
43,-0.3064
44,-0.3012
45,-0.3063
46,-0.3063
47,-0.3062
48,-0.3062
49,-0.3062
50,-0.3061
51,-0.3061
52,-0.306
53,-0.306
54,-0.306
55,-0.3059
56,-0.3059
57,-0.3059
58,-0.3058
59,-0.3058
60,-0.3058
61,-0.3057
62,-0.3057
63,-0.3057
64,-0.3056
65,-0.3056
66,-0.3056
67,-0.3055
68,-0.3055
69,-0.3055
70,-0.3055
71,-0.3055
72,-0.3055
73,-0.3055
74,-0.3054
75,-0.3054
76,-0.3055
77,-0.3055
78,-0.3054
79,-0.3055
80,-0.3056
81,-0.3056
82,-0.3056
83,-0.3056
84,-0.3056
85,-0.3056
86,-0.3055
87,-0.3055
88,-0.3055
89,-0.3055
90,-0.3054
91,-0.3054
92,-0.3054
93,-0.3054
94,-0.3053
95,-0.3053
96,-0.3053
97,-0.3052
98,-0.3052
99,-0.3052
100,-0.3051
101,-0.3051
102,-0.3051
103,-0.305
104,-0.305
105,-0.305
106,-0.3049
107,-0.3049
108,-0.3049
109,-0.3048
110,-0.3048
111,-0.3047
112,-0.3047
113,-0.3047
114,-0.3047
115,-0.3046
116,-0.3046
117,-0.3045
118,-0.3045
119,-0.3045
120,-0.3044
121,-0.3044
122,-0.3044
123,-0.3043
124,-0.3043
125,-0.3043
126,-0.3042
127,-0.3042
128,-0.3041
129,-0.3041
130,-0.3041
131,-0.304
132,-0.304
133,-0.304
134,-0.3039
135,-0.3039
136,-0.3038
137,-0.3038
138,-0.3037
139,-0.3037
140,-0.3037
141,-0.3036
142,-0.3036
143,-0.3035
144,-0.3035
145,-0.3034
146,-0.3034
147,-0.3034
148,-0.3033
149,-0.3033
150,-0.3032
151,-0.3032
152,-0.3032
153,-0.3031
154,-0.3031
155,-0.303
156,-0.303
157,-0.303
158,-0.3029
159,-0.3029
160,-0.3028
161,-0.3028
162,-0.3028
163,-0.3027
164,-0.3027
165,-0.3026
166,-0.3026
167,-0.3026
168,-0.3025
169,-0.3025
170,-0.3024
171,-0.3024
172,-0.3023
173,-0.3023
174,-0.3023
175,-0.3022
176,-0.3022
177,-0.3022
178,-0.3021
179,-0.3021
180,-0.302
181,-0.302
182,-0.302
183,-0.3019
184,-0.3019
185,-0.3018
186,-0.3018
187,-0.3017
188,-0.3017
189,-0.3016
190,-0.3016
191,-0.3016
192,-0.3015
193,-0.3015
194,-0.3014
195,-0.3014
196,-0.3013
197,-0.3013
198,-0.3012
199,-0.3011
200,-0.3011
201,-0.301
202,-0.301
203,-0.3009
204,-0.3009
205,-0.3009
206,-0.3008
207,-0.3008
208,-0.3007
209,-0.3007
210,-0.3007
211,-0.3006
212,-0.3006
213,-0.3006
214,-0.3005
215,-0.3005
216,-0.3004
217,-0.3004
218,-0.3004
219,-0.3003
220,-0.3003
221,-0.3002
222,-0.3002
223,-0.3001
224,-0.3001
225,-0.3
226,-0.3
227,-0.3
228,-0.2999
229,-0.2999
230,-0.2998
231,-0.2998
232,-0.2997
233,-0.2997
234,-0.2997
235,-0.2996
236,-0.2996
237,-0.2995
238,-0.2995
239,-0.2994
240,-0.2994
241,-0.2993
242,-0.2993
243,-0.2992
244,-0.2992
245,-0.2992
246,-0.2991
247,-0.2991
248,-0.299
249,-0.299
250,-0.2989
251,-0.2989
252,-0.2988
253,-0.2988
254,-0.2988
255,-0.2987
256,-0.2987
257,-0.2986
258,-0.2986
259,-0.2985
260,-0.2985
261,-0.2984
262,-0.2984
263,-0.2983
264,-0.2983
265,-0.2982
266,-0.2982
267,-0.2982
268,-0.2981
269,-0.2981
270,-0.298
271,-0.298
272,-0.2979
273,-0.2979
274,-0.2978
275,-0.2978
276,-0.2978
277,-0.2977
278,-0.2977
279,-0.2976
280,-0.2976
281,-0.2975
282,-0.2975
283,-0.2974
284,-0.2974
285,-0.2974
286,-0.2973
287,-0.2973
288,-0.2972
289,-0.2972
290,-0.2971
291,-0.2971
292,-0.2971
293,-0.297
294,-0.297
295,-0.2969
296,-0.2969
297,-0.2968
298,-0.2968
299,-0.2968
300,-0.2967
301,-0.2967
302,-0.2966
303,-0.2966
304,-0.2965
305,-0.2965
306,-0.2964
307,-0.2964
308,-0.2963
309,-0.2962
310,-0.2962
311,-0.2961
312,-0.2961
313,-0.2961
314,-0.296
315,-0.296
316,-0.2959
317,-0.2959
318,-0.2958
319,-0.2958
320,-0.2958
321,-0.2957
322,-0.2957
323,-0.2956
324,-0.2956
325,-0.2955
326,-0.2955
327,-0.2954
328,-0.2954
329,-0.2954
330,-0.2953
331,-0.2953
332,-0.2952
333,-0.2952
334,-0.2951
335,-0.295
336,-0.295
337,-0.2949
338,-0.2949
339,-0.2948
340,-0.2948
341,-0.2948
342,-0.2947
343,-0.2947
344,-0.2947
345,-0.2946
346,-0.2946
347,-0.2945
348,-0.2945
349,-0.2944
350,-0.2944
351,-0.2944
352,-0.2943
353,-0.2943
354,-0.2942
355,-0.2942
356,-0.2941
357,-0.2941
358,-0.294
359,-0.294
360,-0.2939
361,-0.2939
362,-0.2939
363,-0.2938
364,-0.2938
365,-0.2937
366,-0.2937
367,-0.2936
368,-0.2936
369,-0.2935
370,-0.2935
371,-0.2935
372,-0.2934
373,-0.2934
374,-0.2933
375,-0.2933
376,-0.2932
377,-0.2932
378,-0.2932
379,-0.2931
380,-0.2931
381,-0.293
382,-0.293
383,-0.2929
384,-0.2929
385,-0.2928
386,-0.2928
387,-0.2927
388,-0.2927
389,-0.2927
390,-0.2926
391,-0.2926
392,-0.2925
393,-0.2925
394,-0.2924
395,-0.2924
396,-0.2923
397,-0.2923
398,-0.2922
399,-0.2922
400,-0.2921
401,-0.2921
402,-0.292
403,-0.292
404,-0.292
405,-0.2919
406,-0.2918
407,-0.2918
408,-0.2917
409,-0.2917
410,-0.2916
411,-0.2916
412,-0.2916
413,-0.2915
414,-0.2915
415,-0.2914
416,-0.2914
417,-0.2913
418,-0.2913
419,-0.2912
420,-0.2912
421,-0.2911
422,-0.2911
423,-0.2911
424,-0.291
425,-0.291
426,-0.2909
427,-0.2909
428,-0.2908
429,-0.2908
430,-0.2908
431,-0.2907
432,-0.2907
433,-0.2906
434,-0.2906
435,-0.2905
436,-0.2905
437,-0.2905
438,-0.2904
439,-0.2904
440,-0.2903
441,-0.2902
442,-0.2902
443,-0.2901
444,-0.2901
445,-0.29
446,-0.29
447,-0.29
448,-0.2899
449,-0.2899
450,-0.2898
451,-0.2898
452,-0.2898
453,-0.2897
454,-0.2897
455,-0.2897
456,-0.2896
457,-0.2896
458,-0.2895
459,-0.2895
460,-0.2894
461,-0.2894
462,-0.2894
463,-0.2893
464,-0.2893
465,-0.2892
466,-0.2891
467,-0.2891
468,-0.289
469,-0.289
470,-0.2889
471,-0.2889
472,-0.2888
473,-0.2888
474,-0.2887
475,-0.2887
476,-0.2887
477,-0.2886
478,-0.2886
479,-0.2885
480,-0.2885
481,-0.2885
482,-0.2884
483,-0.2884
484,-0.2884
485,-0.2883
486,-0.2883
487,-0.2882
488,-0.2882
489,-0.2881
490,-0.2881
491,-0.288
492,-0.288
493,-0.2879
494,-0.2879
495,-0.2878
496,-0.2878
497,-0.2878
498,-0.2877
499,-0.2877
500,-0.2876
501,-0.2876
502,-0.2875
503,-0.2875
504,-0.2874
505,-0.2874
506,-0.2874
507,-0.2873
508,-0.2873
509,-0.2872
510,-0.2872
511,-0.2871
512,-0.2871
513,-0.2871
514,-0.287
515,-0.287
516,-0.2869
517,-0.2869
518,-0.2868
519,-0.2868
520,-0.2867
521,-0.2867
522,-0.2866
523,-0.2866
524,-0.2865
525,-0.2865
526,-0.2864
527,-0.2864
528,-0.2863
529,-0.2863
530,-0.2862
531,-0.2862
532,-0.2861
533,-0.2861
534,-0.286
535,-0.286
536,-0.2859
537,-0.2859
538,-0.2859
539,-0.2858
540,-0.2858
541,-0.2858
542,-0.2857
543,-0.2857
544,-0.2856
545,-0.2856
546,-0.2855
547,-0.2855
548,-0.2855
549,-0.2854
550,-0.2854
551,-0.2853
552,-0.2853
553,-0.2852
554,-0.2852
555,-0.2852
556,-0.2851
557,-0.2851
558,-0.285
559,-0.285
560,-0.2849
561,-0.2849
562,-0.2848
563,-0.2848
564,-0.2847
565,-0.2847
566,-0.2846
567,-0.2846
568,-0.2846
569,-0.2845
570,-0.2845
571,-0.2844
572,-0.2844
573,-0.2843
574,-0.2843
575,-0.2843
576,-0.2842
577,-0.2842
578,-0.2841
579,-0.2841
580,-0.284
581,-0.284
582,-0.2839
583,-0.2839
584,-0.2838
585,-0.2838
586,-0.2837
587,-0.2837
588,-0.2836
589,-0.2836
590,-0.2835
591,-0.2835
592,-0.2834
593,-0.2834
594,-0.2833
595,-0.2833
596,-0.2832
597,-0.2831
598,-0.2831
599,-0.2831
600,-0.2831
601,-0.2831
602,-0.283
603,-0.283
604,-0.283
605,-0.2829
606,-0.2829
607,-0.2828
608,-0.2828
609,-0.2827
610,-0.2827
611,-0.2827
612,-0.2826
613,-0.2826
614,-0.2826
615,-0.2825
616,-0.2825
617,-0.2825
618,-0.2824
619,-0.2824
620,-0.2823
621,-0.2823
622,-0.2823
623,-0.2822
624,-0.2822
625,-0.2821
626,-0.2821
627,-0.282
628,-0.282
629,-0.282
630,-0.2819
631,-0.2819
632,-0.2818
633,-0.2818
634,-0.2817
635,-0.2817
636,-0.2816
637,-0.2816
638,-0.2816
639,-0.2815
640,-0.2815
641,-0.2814
642,-0.2814
643,-0.2814
644,-0.2813
645,-0.2813
646,-0.2812
647,-0.2812
648,-0.2812
649,-0.2811
650,-0.2811
651,-0.281
652,-0.281
653,-0.2809
654,-0.2809
655,-0.2809
656,-0.2808
657,-0.2808
658,-0.2807
659,-0.2807
660,-0.2806
661,-0.2806
662,-0.2806
663,-0.2805
664,-0.2805
665,-0.2804
666,-0.2804
667,-0.2803
668,-0.2803
669,-0.2803
670,-0.2802
671,-0.2802
672,-0.2801
673,-0.2801
674,-0.28
675,-0.28
676,-0.2799
677,-0.2799
678,-0.2798
679,-0.2798
680,-0.2797
681,-0.2797
682,-0.2796
683,-0.2796
684,-0.2795
685,-0.2795
686,-0.2795
687,-0.2794
688,-0.2794
689,-0.2793
690,-0.2793
691,-0.2792
692,-0.2792
693,-0.2792
694,-0.2791
695,-0.2791
696,-0.2791
697,-0.279
698,-0.279
699,-0.279
700,-0.2789
701,-0.2789
702,-0.2788
703,-0.2788
704,-0.2787
705,-0.2787
706,-0.2787
707,-0.2786
708,-0.2786
709,-0.2785
710,-0.2785
711,-0.2785
712,-0.2784
713,-0.2784
714,-0.2783
715,-0.2783
716,-0.2783
717,-0.2782
718,-0.2782
719,-0.2781
720,-0.2781
721,-0.278
722,-0.278
723,-0.2779
724,-0.2779
725,-0.2779
726,-0.2778
727,-0.2778
728,-0.2777
729,-0.2777
730,-0.2777
731,-0.2776
732,-0.2776
733,-0.2775
734,-0.2775
735,-0.2775
736,-0.2774
737,-0.2774
738,-0.2773
739,-0.2773
740,-0.2772
741,-0.2772
742,-0.2772
743,-0.2771
744,-0.2771
745,-0.277
746,-0.277
747,-0.2769
748,-0.2769
749,-0.2768
750,-0.2768
751,-0.2768
752,-0.2767
753,-0.2767
754,-0.2766
755,-0.2766
756,-0.2765
757,-0.2765
758,-0.2765
759,-0.2764
760,-0.2764
761,-0.2763
762,-0.2763
763,-0.2763
764,-0.2762
765,-0.2762
766,-0.2762
767,-0.2761
768,-0.2761
769,-0.2761
770,-0.276
771,-0.276
772,-0.2759
773,-0.2759
774,-0.2758
775,-0.2758
776,-0.2758
777,-0.2757
778,-0.2757
779,-0.2756
780,-0.2756
781,-0.2755
782,-0.2755
783,-0.2754
784,-0.2754
785,-0.2753
786,-0.2753
787,-0.2753
788,-0.2752
789,-0.2752
790,-0.2752
791,-0.2751
792,-0.2751
793,-0.275
794,-0.275
795,-0.275
796,-0.2749
797,-0.2749
798,-0.2748
799,-0.2748
800,-0.2748
801,-0.2747
802,-0.2747
803,-0.2746
804,-0.2746
805,-0.2745
806,-0.2745
807,-0.2744
808,-0.2744
809,-0.2743
810,-0.2743
811,-0.2742
812,-0.2742
813,-0.2741
814,-0.2741
815,-0.2741
816,-0.274
817,-0.274
818,-0.2739
819,-0.2739
820,-0.2739
821,-0.2738
822,-0.2738
823,-0.2738
824,-0.2737
825,-0.2737
826,-0.2737
827,-0.2736
828,-0.2736
829,-0.2736
830,-0.2735
831,-0.2735
832,-0.2734
833,-0.2734
834,-0.2734
835,-0.2733
836,-0.2733
837,-0.2733
838,-0.2732
839,-0.2732
840,-0.2731
841,-0.2731
842,-0.2731
843,-0.273
844,-0.273
845,-0.2729
846,-0.2729
847,-0.2728
848,-0.2728
849,-0.2728
850,-0.2727
851,-0.2727
852,-0.2726
853,-0.2726
854,-0.2726
855,-0.2725
856,-0.2725
857,-0.2724
858,-0.2724
859,-0.2724
860,-0.2723
861,-0.2723
862,-0.2722
863,-0.2722
864,-0.2721
865,-0.2721
866,-0.272
867,-0.272
868,-0.2719
869,-0.2719
870,-0.2719
871,-0.2718
872,-0.2718
873,-0.2718
874,-0.2717
875,-0.2717
876,-0.2716
877,-0.2716
878,-0.2716
879,-0.2715
880,-0.2715
881,-0.2714
882,-0.2714
883,-0.2714
884,-0.2713
885,-0.2713
886,-0.2713
887,-0.2712
888,-0.2712
889,-0.2712
890,-0.2711
891,-0.2711
892,-0.271
893,-0.271
894,-0.271
895,-0.2709
896,-0.2709
897,-0.2708
898,-0.2707
899,-0.2707
900,-0.2706
901,-0.2706
902,-0.2705
903,-0.2705
904,-0.2704
905,-0.2704
906,-0.2704
907,-0.2704
908,-0.2703
909,-0.2703
910,-0.2703
911,-0.2702
912,-0.2702
913,-0.2701
914,-0.2701
915,-0.2701
916,-0.27
917,-0.27
918,-0.27
919,-0.2699
920,-0.2699
921,-0.2698
922,-0.2698
923,-0.2698
924,-0.2697
925,-0.2697
926,-0.2697
927,-0.2696
928,-0.2696
929,-0.2696
930,-0.2695
931,-0.2695
932,-0.2694
933,-0.2694
934,-0.2693
935,-0.2693
936,-0.2693
937,-0.2692
938,-0.2692
939,-0.2692
940,-0.2691
941,-0.2691
942,-0.269
943,-0.269
944,-0.269
945,-0.2689
946,-0.2689
947,-0.2689
948,-0.2688
949,-0.2688
950,-0.2687
951,-0.2687
952,-0.2687
953,-0.2687
954,-0.2686
955,-0.2686
956,-0.2685
957,-0.2685
958,-0.2685
959,-0.2684
960,-0.2684
961,-0.2683
962,-0.2683
963,-0.2682
964,-0.2682
965,-0.2682
966,-0.2681
967,-0.2681
968,-0.268
969,-0.268
970,-0.268
971,-0.2679
972,-0.2679
973,-0.2679
974,-0.2678
975,-0.2678
976,-0.2677
977,-0.2677
978,-0.2677
979,-0.2676
980,-0.2676
981,-0.2676
982,-0.2675
983,-0.2675
984,-0.2674
985,-0.2674
986,-0.2674
987,-0.2673
988,-0.2673
989,-0.2672
990,-0.2672
991,-0.2672
992,-0.2671
993,-0.2671
994,-0.267
995,-0.267
996,-0.267
997,-0.2669
998,-0.2669
999,-0.2668
1000,-0.2668
1001,-0.2668
1002,-0.2667
1003,-0.2667
1004,-0.2666
1005,-0.2666
1006,-0.2666
1007,-0.2665
1008,-0.2665
1009,-0.2665
1010,-0.2664
1011,-0.2664
1012,-0.2664
1013,-0.2663
1014,-0.2663
1015,-0.2663
1016,-0.2662
1017,-0.2662
1018,-0.2662
1019,-0.2661
1020,-0.2661
1021,-0.2661
1022,-0.266
1023,-0.266
1024,-0.2659
1025,-0.2659
1026,-0.2659
1027,-0.2658
1028,-0.2658
1029,-0.2658
1030,-0.2657
1031,-0.2657
1032,-0.2656
1033,-0.2656
1034,-0.2656
1035,-0.2655
1036,-0.2655
1037,-0.2655
1038,-0.2654
1039,-0.2654
1040,-0.2654
1041,-0.2653
1042,-0.2653
1043,-0.2653
1044,-0.2652
1045,-0.2652
1046,-0.2652
1047,-0.2651
1048,-0.2651
1049,-0.265
1050,-0.265
1051,-0.265
1052,-0.2649
1053,-0.2649
1054,-0.2648
1055,-0.2648
1056,-0.2648
1057,-0.2647
1058,-0.2647
1059,-0.2646
1060,-0.2646
1061,-0.2646
1062,-0.2645
1063,-0.2645
1064,-0.2644
1065,-0.2644
1066,-0.2643
1067,-0.2643
1068,-0.2643
1069,-0.2642
1070,-0.2642
1071,-0.2641
1072,-0.2641
1073,-0.264
1074,-0.264
1075,-0.264
1076,-0.2639
1077,-0.2639
1078,-0.2639
1079,-0.2638
1080,-0.2638
1081,-0.2638
1082,-0.2637
1083,-0.2637
1084,-0.2637
1085,-0.2636
1086,-0.2636
1087,-0.2636
1088,-0.2635
1089,-0.2635
1090,-0.2635
1091,-0.2634
1092,-0.2634
1093,-0.2634
1094,-0.2633
1095,-0.2633
1096,-0.2632
1097,-0.2632
1098,-0.2631
1099,-0.2631
1100,-0.263
1101,-0.263
1102,-0.263
1103,-0.2629
1104,-0.2629
1105,-0.2629
1106,-0.2628
1107,-0.2627
1108,-0.2627
1109,-0.2627
1110,-0.2627
1111,-0.2627
1112,-0.2626
1113,-0.2626
1114,-0.2626
1115,-0.2626
1116,-0.2625
1117,-0.2625
1118,-0.2625
1119,-0.2624
1120,-0.2624
1121,-0.2624
1122,-0.2623
1123,-0.2623
1124,-0.2622
1125,-0.2622
1126,-0.2622
1127,-0.2621
1128,-0.2621
1129,-0.2621
1130,-0.262
1131,-0.262
1132,-0.2619
1133,-0.2619
1134,-0.2619
1135,-0.2618
1136,-0.2618
1137,-0.2617
1138,-0.2617
1139,-0.2617
1140,-0.2616
1141,-0.2616
1142,-0.2616
1143,-0.2615
1144,-0.2615
1145,-0.2615
1146,-0.2614
1147,-0.2614
1148,-0.2614
1149,-0.2613
1150,-0.2613
1151,-0.2613
1152,-0.2612
1153,-0.2612
1154,-0.2612
1155,-0.2612
1156,-0.2611
1157,-0.2611
1158,-0.261
1159,-0.261
1160,-0.261
1161,-0.2609
1162,-0.2609
1163,-0.2609
1164,-0.2608
1165,-0.2608
1166,-0.2607
1167,-0.2607
1168,-0.2607
1169,-0.2607
1170,-0.2606
1171,-0.2606
1172,-0.2606
1173,-0.2605
1174,-0.2605
1175,-0.2604
1176,-0.2604
1177,-0.2604
1178,-0.2603
1179,-0.2603
1180,-0.2603
1181,-0.2602
1182,-0.2602
1183,-0.2602
1184,-0.2601
1185,-0.2601
1186,-0.2601
1187,-0.26
1188,-0.26
1189,-0.26
1190,-0.2599
1191,-0.2599
1192,-0.2599
1193,-0.2598
1194,-0.2598
1195,-0.2597
1196,-0.2597
1197,-0.2597
1198,-0.2596
1199,-0.2596
1200,-0.2595
1201,-0.2595
1202,-0.2595
1203,-0.2594
1204,-0.2594
1205,-0.2593
1206,-0.2593
1207,-0.2593
1208,-0.2592
1209,-0.2592
1210,-0.2592
1211,-0.2591
1212,-0.2591
1213,-0.259
1214,-0.259
1215,-0.259
1216,-0.2589
1217,-0.2589
1218,-0.2589
1219,-0.2588
1220,-0.2588
1221,-0.2588
1222,-0.2587
1223,-0.2587
1224,-0.2587
1225,-0.2586
1226,-0.2586
1227,-0.2586
1228,-0.2585
1229,-0.2585
1230,-0.2585
1231,-0.2584
1232,-0.2584
1233,-0.2584
1234,-0.2583
1235,-0.2583
1236,-0.2582
1237,-0.2582
1238,-0.2582
1239,-0.2582
1240,-0.2581
1241,-0.2581
1242,-0.2581
1243,-0.258
1244,-0.258
1245,-0.2579
1246,-0.2579
1247,-0.2579
1248,-0.2578
1249,-0.2578
1250,-0.2578
1251,-0.2577
1252,-0.2577
1253,-0.2577
1254,-0.2576
1255,-0.2576
1256,-0.2576
1257,-0.2575
1258,-0.2575
1259,-0.2575
1260,-0.2574
1261,-0.2574
1262,-0.2573
1263,-0.2573
1264,-0.2572
1265,-0.2572
1266,-0.2571
1267,-0.2571
1268,-0.2571
1269,-0.257
1270,-0.257
1271,-0.2569
1272,-0.2569
1273,-0.2569
1274,-0.2569
1275,-0.2568
1276,-0.2568
1277,-0.2568
1278,-0.2567
1279,-0.2567
1280,-0.2567
1281,-0.2567
1282,-0.2566
1283,-0.2566
1284,-0.2566
1285,-0.2565
1286,-0.2565
1287,-0.2565
1288,-0.2564
1289,-0.2564
1290,-0.2563
1291,-0.2563
1292,-0.2563
1293,-0.2562
1294,-0.2562
1295,-0.2562
1296,-0.2561
1297,-0.2561
1298,-0.2561
1299,-0.256
1300,-0.256
1301,-0.256
1302,-0.2559
1303,-0.2559
1304,-0.2559
1305,-0.2558
1306,-0.2558
1307,-0.2558
1308,-0.2557
1309,-0.2557
1310,-0.2557
1311,-0.2556
1312,-0.2556
1313,-0.2556
1314,-0.2555
1315,-0.2555
1316,-0.2555
1317,-0.2554
1318,-0.2554
1319,-0.2553
1320,-0.2553
1321,-0.2553
1322,-0.2552
1323,-0.2552
1324,-0.2552
1325,-0.2551
1326,-0.2551
1327,-0.2551
1328,-0.255
1329,-0.255
1330,-0.255
1331,-0.2549
1332,-0.2549
1333,-0.2549
1334,-0.2548
1335,-0.2548
1336,-0.2548
1337,-0.2547
1338,-0.2547
1339,-0.2547
1340,-0.2546
1341,-0.2546
1342,-0.2545
1343,-0.2545
1344,-0.2545
1345,-0.2545
1346,-0.2544
1347,-0.2544
1348,-0.2544
1349,-0.2543
1350,-0.2543
1351,-0.2543
1352,-0.2542
1353,-0.2542
1354,-0.2542
1355,-0.2541
1356,-0.2541
1357,-0.2541
1358,-0.254
1359,-0.254
1360,-0.254
1361,-0.2539
1362,-0.2539
1363,-0.2539
1364,-0.2538
1365,-0.2538
1366,-0.2538
1367,-0.2537
1368,-0.2537
1369,-0.2537
1370,-0.2536
1371,-0.2536
1372,-0.2536
1373,-0.2536
1374,-0.2535
1375,-0.2535
1376,-0.2535
1377,-0.2534
1378,-0.2534
1379,-0.2534
1380,-0.2534
1381,-0.2533
1382,-0.2533
1383,-0.2533
1384,-0.2532
1385,-0.2532
1386,-0.2532
1387,-0.2532
1388,-0.2531
1389,-0.2531
1390,-0.2531
1391,-0.253
1392,-0.253
1393,-0.2529
1394,-0.2529
1395,-0.2529
1396,-0.2528
1397,-0.2528
1398,-0.2528
1399,-0.2527
1400,-0.2527
1401,-0.2527
1402,-0.2526
1403,-0.2526
1404,-0.2525
1405,-0.2525
1406,-0.2524
1407,-0.2524
1408,-0.2524
1409,-0.2523
1410,-0.2523
1411,-0.2523
1412,-0.2522
1413,-0.2522
1414,-0.2522
1415,-0.2521
1416,-0.2521
1417,-0.2521
1418,-0.252
1419,-0.252
1420,-0.252
1421,-0.2519
1422,-0.2519
1423,-0.2519
1424,-0.2518
1425,-0.2518
1426,-0.2518
1427,-0.2517
1428,-0.2517
1429,-0.2517
1430,-0.2517
1431,-0.2516
1432,-0.2516
1433,-0.2516
1434,-0.2515
1435,-0.2515
1436,-0.2514
1437,-0.2513
1438,-0.2513
1439,-0.2513
1440,-0.2513
1441,-0.2512
1442,-0.2512
1443,-0.2511
1444,-0.2511
1445,-0.2511
1446,-0.2511
1447,-0.2511
1448,-0.251
1449,-0.251
1450,-0.251
1451,-0.251
1452,-0.2509
1453,-0.2509
1454,-0.2509
1455,-0.2509
1456,-0.2508
1457,-0.2508
1458,-0.2508
1459,-0.2507
1460,-0.2507
1461,-0.2507
1462,-0.2507
1463,-0.2506
1464,-0.2506
1465,-0.2506
1466,-0.2505
1467,-0.2505
1468,-0.2505
1469,-0.2504
1470,-0.2504
1471,-0.2504
1472,-0.2504
1473,-0.2503
1474,-0.2503
1475,-0.2503
1476,-0.2502
1477,-0.2502
1478,-0.2502
1479,-0.2501
1480,-0.2501
1481,-0.25
1482,-0.25
1483,-0.25
1484,-0.2499
1485,-0.2499
1486,-0.2499
1487,-0.2498
1488,-0.2498
1489,-0.2498
1490,-0.2497
1491,-0.2497
1492,-0.2497
1493,-0.2496
1494,-0.2496
1495,-0.2496
1496,-0.2495
1497,-0.2495
1498,-0.2494
1499,-0.2494
1500,-0.2494
1501,-0.2493
1502,-0.2493
1503,-0.2493
1504,-0.2492
1505,-0.2492
1506,-0.2492
1507,-0.2492
1508,-0.2491
1509,-0.2491
1510,-0.249
1511,-0.249
1512,-0.249
1513,-0.2489
1514,-0.2489
1515,-0.2489
1516,-0.2489
1517,-0.2488
1518,-0.2488
1519,-0.2488
1520,-0.2488
1521,-0.2487
1522,-0.2487
1523,-0.2486
1524,-0.2486
1525,-0.2486
1526,-0.2485
1527,-0.2485
1528,-0.2485
1529,-0.2484
1530,-0.2484
1531,-0.2483
1532,-0.2483
1533,-0.2483
1534,-0.2483
1535,-0.2482
1536,-0.2482
1537,-0.2482
1538,-0.2481
1539,-0.2481
1540,-0.2481
1541,-0.2481
1542,-0.248
1543,-0.248
1544,-0.248
1545,-0.248
1546,-0.2479
1547,-0.2479
1548,-0.2479
1549,-0.2479
1550,-0.2478
1551,-0.2478
1552,-0.2477
1553,-0.2477
1554,-0.2477
1555,-0.2477
1556,-0.2476
1557,-0.2476
1558,-0.2476
1559,-0.2475
1560,-0.2475
1561,-0.2475
1562,-0.2475
1563,-0.2474
1564,-0.2474
1565,-0.2473
1566,-0.2473
1567,-0.2473
1568,-0.2472
1569,-0.2472
1570,-0.2472
1571,-0.2471
1572,-0.2471
1573,-0.2471
1574,-0.2471
1575,-0.247
1576,-0.247
1577,-0.247
1578,-0.247
1579,-0.2469
1580,-0.2469
1581,-0.2469
1582,-0.2468
1583,-0.2468
1584,-0.2468
1585,-0.2467
1586,-0.2467
1587,-0.2467
1588,-0.2466
1589,-0.2466
1590,-0.2466
1591,-0.2465
1592,-0.2465
1593,-0.2465
1594,-0.2464
1595,-0.2464
1596,-0.2464
1597,-0.2464
1598,-0.2463
1599,-0.2463
1600,-0.2463
1601,-0.2462
1602,-0.2462
1603,-0.2462
1604,-0.2462
1605,-0.2461
1606,-0.2461
1607,-0.2461
1608,-0.246
1609,-0.246
1610,-0.246
1611,-0.246
1612,-0.2459
1613,-0.2459
1614,-0.2459
1615,-0.2458
1616,-0.2458
1617,-0.2458
1618,-0.2457
1619,-0.2457
1620,-0.2456
1621,-0.2456
1622,-0.2456
1623,-0.2455
1624,-0.2455
1625,-0.2454
1626,-0.2454
1627,-0.2454
1628,-0.2454
1629,-0.2453
1630,-0.2453
1631,-0.2453
1632,-0.2453
1633,-0.2453
1634,-0.2452
1635,-0.2452
1636,-0.2452
1637,-0.2452
1638,-0.2451
1639,-0.2451
1640,-0.2451
1641,-0.245
1642,-0.245
1643,-0.245
1644,-0.2449
1645,-0.2449
1646,-0.2449
1647,-0.2448
1648,-0.2448
1649,-0.2448
1650,-0.2448
1651,-0.2447
1652,-0.2447
1653,-0.2447
1654,-0.2446
1655,-0.2446
1656,-0.2446
1657,-0.2445
1658,-0.2445
1659,-0.2445
1660,-0.2444
1661,-0.2444
1662,-0.2444
1663,-0.2443
1664,-0.2443
1665,-0.2443
1666,-0.2443
1667,-0.2442
1668,-0.2442
1669,-0.2442
1670,-0.2442
1671,-0.2441
1672,-0.2441
1673,-0.2441
1674,-0.244
1675,-0.244
1676,-0.244
1677,-0.2439
1678,-0.2439
1679,-0.2439
1680,-0.2439
1681,-0.2438
1682,-0.2438
1683,-0.2438
1684,-0.2437
1685,-0.2437
1686,-0.2437
1687,-0.2436
1688,-0.2436
1689,-0.2436
1690,-0.2436
1691,-0.2435
1692,-0.2435
1693,-0.2435
1694,-0.2434
1695,-0.2434
1696,-0.2434
1697,-0.2433
1698,-0.2433
1699,-0.2433
1700,-0.2432
1701,-0.2432
1702,-0.2432
1703,-0.2432
1704,-0.2431
1705,-0.2431
1706,-0.2431
1707,-0.2431
1708,-0.243
1709,-0.243
1710,-0.243
1711,-0.2429
1712,-0.2429
1713,-0.2429
1714,-0.2428
1715,-0.2428
1716,-0.2428
1717,-0.2427
1718,-0.2427
1719,-0.2427
1720,-0.2427
1721,-0.2426
1722,-0.2426
1723,-0.2426
1724,-0.2425
1725,-0.2425
1726,-0.2425
1727,-0.2424
1728,-0.2424
1729,-0.2424
1730,-0.2423
1731,-0.2423
1732,-0.2423
1733,-0.2423
1734,-0.2422
1735,-0.2422
1736,-0.2422
1737,-0.2422
1738,-0.2421
1739,-0.2421
1740,-0.2421
1741,-0.242
1742,-0.242
1743,-0.242
1744,-0.242
1745,-0.2419
1746,-0.2419
1747,-0.2419
1748,-0.2419
1749,-0.2418
1750,-0.2418
1751,-0.2418
1752,-0.2417
1753,-0.2417
1754,-0.2417
1755,-0.2417
1756,-0.2416
1757,-0.2416
1758,-0.2416
1759,-0.2415
1760,-0.2415
1761,-0.2415
1762,-0.2414
1763,-0.2414
1764,-0.2414
1765,-0.2414
1766,-0.2413
1767,-0.2413
1768,-0.2413
1769,-0.2412
1770,-0.2412
1771,-0.2412
1772,-0.2411
1773,-0.2411
1774,-0.2411
1775,-0.241
1776,-0.241
1777,-0.241
1778,-0.2409
1779,-0.2409
1780,-0.2409
1781,-0.2409
1782,-0.2408
1783,-0.2408
1784,-0.2408
1785,-0.2408
1786,-0.2407
1787,-0.2407
1788,-0.2407
1789,-0.2406
1790,-0.2406
1791,-0.2406
1792,-0.2406
1793,-0.2405
1794,-0.2405
1795,-0.2405
1796,-0.2404
1797,-0.2404
1798,-0.2404
1799,-0.2403
1800,-0.2403
