Reference electrode potential (V vs. RHE),0.929,,,,
Working area (cm²),2,,,,
Solution resistance (ohm),2.3,Compensation level (%),90,,
,,,,,
File,Point,Original Potential,Original Current,"Potential (V vs. RHE, iR-corrected)",Current density
,,V,mA,"V vs. RHE, iR-corrected",mA/cm²
Ni_foil_LSV 2.3 ohm.txt,1,0,-0.007889,0.92901633,-0.0039445
Ni_foil_LSV 2.3 ohm.txt,2,0.001,-0.007108,0.930014714,-0.003554
Ni_foil_LSV 2.3 ohm.txt,3,0.002,-0.006796,0.931014068,-0.003398
Ni_foil_LSV 2.3 ohm.txt,4,0.003,-0.006717,0.932013904,-0.0033585
Ni_foil_LSV 2.3 ohm.txt,5,0.004,-0.006874,0.933014229,-0.003437
Ni_foil_LSV 2.3 ohm.txt,6,0.005,-0.006796,0.934014068,-0.003398
Ni_foil_LSV 2.3 ohm.txt,7,0.006,-0.006874,0.935014229,-0.003437
Ni_foil_LSV 2.3 ohm.txt,8,0.007,-0.007342,0.936015198,-0.003671
Ni_foil_LSV 2.3 ohm.txt,9,0.008,-0.007186,0.937014875,-0.003593
Ni_foil_LSV 2.3 ohm.txt,10,0.009,-0.007186,0.938014875,-0.003593
Ni_foil_LSV 2.3 ohm.txt,11,0.01,-0.00703,0.939014552,-0.003515
Ni_foil_LSV 2.3 ohm.txt,12,0.011,-0.007108,0.940014714,-0.003554
Ni_foil_LSV 2.3 ohm.txt,13,0.012,-0.007342,0.941015198,-0.003671
Ni_foil_LSV 2.3 ohm.txt,14,0.013,-0.00703,0.942014552,-0.003515
Ni_foil_LSV 2.3 ohm.txt,15,0.014,-0.007108,0.943014714,-0.003554
Ni_foil_LSV 2.3 ohm.txt,16,0.015,-0.007342,0.944015198,-0.003671
Ni_foil_LSV 2.3 ohm.txt,17,0.016,-0.007577,0.945015684,-0.0037885
Ni_foil_LSV 2.3 ohm.txt,18,0.017,-0.00742,0.946015359,-0.00371
Ni_foil_LSV 2.3 ohm.txt,19,0.018,-0.006952,0.947014391,-0.003476
Ni_foil_LSV 2.3 ohm.txt,20,0.019,-0.007186,0.948014875,-0.003593
Ni_foil_LSV 2.3 ohm.txt,21,0.02,-0.007499,0.949015523,-0.0037495
Ni_foil_LSV 2.3 ohm.txt,22,0.021,-0.007108,0.950014714,-0.003554
Ni_foil_LSV 2.3 ohm.txt,23,0.022,-0.006796,0.951014068,-0.003398
Ni_foil_LSV 2.3 ohm.txt,24,0.023,-0.007342,0.952015198,-0.003671
Ni_foil_LSV 2.3 ohm.txt,25,0.024,-0.007264,0.953015036,-0.003632
Ni_foil_LSV 2.3 ohm.txt,26,0.025,-0.00742,0.954015359,-0.00371
Ni_foil_LSV 2.3 ohm.txt,27,0.026,-0.007499,0.955015523,-0.0037495
Ni_foil_LSV 2.3 ohm.txt,28,0.027,-0.00742,0.956015359,-0.00371
Ni_foil_LSV 2.3 ohm.txt,29,0.028,-0.00742,0.957015359,-0.00371
Ni_foil_LSV 2.3 ohm.txt,30,0.029,-0.007342,0.958015198,-0.003671
Ni_foil_LSV 2.3 ohm.txt,31,0.03,-0.00742,0.959015359,-0.00371
Ni_foil_LSV 2.3 ohm.txt,32,0.031,-0.007499,0.960015523,-0.0037495
Ni_foil_LSV 2.3 ohm.txt,33,0.032,-0.007499,0.961015523,-0.0037495
Ni_foil_LSV 2.3 ohm.txt,34,0.033,-0.007655,0.962015846,-0.0038275
Ni_foil_LSV 2.3 ohm.txt,35,0.034,-0.007108,0.963014714,-0.003554
Ni_foil_LSV 2.3 ohm.txt,36,0.035,-0.007733,0.964016007,-0.0038665
Ni_foil_LSV 2.3 ohm.txt,37,0.036,-0.007577,0.965015684,-0.0037885
Ni_foil_LSV 2.3 ohm.txt,38,0.037,-0.007264,0.966015036,-0.003632
Ni_foil_LSV 2.3 ohm.txt,39,0.038,-0.007186,0.967014875,-0.003593
Ni_foil_LSV 2.3 ohm.txt,40,0.039,-0.007264,0.968015036,-0.003632
Ni_foil_LSV 2.3 ohm.txt,41,0.04,-0.007733,0.969016007,-0.0038665
Ni_foil_LSV 2.3 ohm.txt,42,0.041,-0.007577,0.970015684,-0.0037885
Ni_foil_LSV 2.3 ohm.txt,43,0.042,-0.007499,0.971015523,-0.0037495
Ni_foil_LSV 2.3 ohm.txt,44,0.043,-0.007108,0.972014714,-0.003554
Ni_foil_LSV 2.3 ohm.txt,45,0.044,-0.006874,0.973014229,-0.003437
Ni_foil_LSV 2.3 ohm.txt,46,0.045,-0.007186,0.974014875,-0.003593
Ni_foil_LSV 2.3 ohm.txt,47,0.046,-0.007186,0.975014875,-0.003593
Ni_foil_LSV 2.3 ohm.txt,48,0.047,-0.007108,0.976014714,-0.003554
Ni_foil_LSV 2.3 ohm.txt,49,0.048,-0.007342,0.977015198,-0.003671
Ni_foil_LSV 2.3 ohm.txt,50,0.049,-0.007811,0.978016169,-0.0039055
Ni_foil_LSV 2.3 ohm.txt,51,0.05,-0.007342,0.979015198,-0.003671
Ni_foil_LSV 2.3 ohm.txt,52,0.051,-0.007889,0.98001633,-0.0039445
Ni_foil_LSV 2.3 ohm.txt,53,0.052,-0.007577,0.981015684,-0.0037885
Ni_foil_LSV 2.3 ohm.txt,54,0.053,-0.00742,0.982015359,-0.00371
Ni_foil_LSV 2.3 ohm.txt,55,0.054,-0.007499,0.983015523,-0.0037495
Ni_foil_LSV 2.3 ohm.txt,56,0.055,-0.007499,0.984015523,-0.0037495
Ni_foil_LSV 2.3 ohm.txt,57,0.056,-0.007811,0.985016169,-0.0039055
Ni_foil_LSV 2.3 ohm.txt,58,0.057,-0.007577,0.986015684,-0.0037885
Ni_foil_LSV 2.3 ohm.txt,59,0.058,-0.007499,0.987015523,-0.0037495
Ni_foil_LSV 2.3 ohm.txt,60,0.059,-0.007499,0.988015523,-0.0037495
Ni_foil_LSV 2.3 ohm.txt,61,0.06,-0.00742,0.989015359,-0.00371
Ni_foil_LSV 2.3 ohm.txt,62,0.061,-0.007811,0.990016169,-0.0039055
Ni_foil_LSV 2.3 ohm.txt,63,0.062,-0.008045,0.991016653,-0.0040225
Ni_foil_LSV 2.3 ohm.txt,64,0.063,-0.007889,0.99201633,-0.0039445
Ni_foil_LSV 2.3 ohm.txt,65,0.064,-0.007889,0.99301633,-0.0039445
Ni_foil_LSV 2.3 ohm.txt,66,0.065,-0.007733,0.994016007,-0.0038665
Ni_foil_LSV 2.3 ohm.txt,67,0.066,-0.007108,0.995014714,-0.003554
Ni_foil_LSV 2.3 ohm.txt,68,0.067,-0.007108,0.996014714,-0.003554
Ni_foil_LSV 2.3 ohm.txt,69,0.068,-0.007186,0.997014875,-0.003593
Ni_foil_LSV 2.3 ohm.txt,70,0.069,-0.007186,0.998014875,-0.003593
Ni_foil_LSV 2.3 ohm.txt,71,0.07,-0.006796,0.999014068,-0.003398
Ni_foil_LSV 2.3 ohm.txt,72,0.071,-0.007186,1.000014875,-0.003593
Ni_foil_LSV 2.3 ohm.txt,73,0.072,-0.007499,1.001015523,-0.0037495
Ni_foil_LSV 2.3 ohm.txt,74,0.073,-0.00742,1.002015359,-0.00371
Ni_foil_LSV 2.3 ohm.txt,75,0.074,-0.007577,1.003015684,-0.0037885
Ni_foil_LSV 2.3 ohm.txt,76,0.075,-0.006952,1.004014391,-0.003476
Ni_foil_LSV 2.3 ohm.txt,77,0.076,-0.007655,1.005015846,-0.0038275
Ni_foil_LSV 2.3 ohm.txt,78,0.077,-0.007733,1.006016007,-0.0038665
Ni_foil_LSV 2.3 ohm.txt,79,0.078,-0.007889,1.00701633,-0.0039445
Ni_foil_LSV 2.3 ohm.txt,80,0.079,-0.007655,1.008015846,-0.0038275
Ni_foil_LSV 2.3 ohm.txt,81,0.08,-0.007342,1.009015198,-0.003671
Ni_foil_LSV 2.3 ohm.txt,82,0.081,-0.007499,1.010015523,-0.0037495
Ni_foil_LSV 2.3 ohm.txt,83,0.082,-0.00742,1.011015359,-0.00371
Ni_foil_LSV 2.3 ohm.txt,84,0.083,-0.00742,1.012015359,-0.00371
Ni_foil_LSV 2.3 ohm.txt,85,0.084,-0.00742,1.013015359,-0.00371
Ni_foil_LSV 2.3 ohm.txt,86,0.085,-0.007655,1.014015846,-0.0038275
Ni_foil_LSV 2.3 ohm.txt,87,0.086,-0.007186,1.015014875,-0.003593
Ni_foil_LSV 2.3 ohm.txt,88,0.087,-0.007108,1.016014714,-0.003554
Ni_foil_LSV 2.3 ohm.txt,89,0.088,-0.007577,1.017015684,-0.0037885
Ni_foil_LSV 2.3 ohm.txt,90,0.089,-0.007499,1.018015523,-0.0037495
Ni_foil_LSV 2.3 ohm.txt,91,0.09,-0.007889,1.01901633,-0.0039445
Ni_foil_LSV 2.3 ohm.txt,92,0.091,-0.007499,1.020015523,-0.0037495
Ni_foil_LSV 2.3 ohm.txt,93,0.092,-0.007499,1.021015523,-0.0037495
Ni_foil_LSV 2.3 ohm.txt,94,0.093,-0.007655,1.022015846,-0.0038275
Ni_foil_LSV 2.3 ohm.txt,95,0.094,-0.00742,1.023015359,-0.00371
Ni_foil_LSV 2.3 ohm.txt,96,0.095,-0.007342,1.024015198,-0.003671
Ni_foil_LSV 2.3 ohm.txt,97,0.096,-0.008123,1.025016815,-0.0040615
Ni_foil_LSV 2.3 ohm.txt,98,0.097,-0.007499,1.026015523,-0.0037495
Ni_foil_LSV 2.3 ohm.txt,99,0.098,-0.007264,1.027015036,-0.003632
Ni_foil_LSV 2.3 ohm.txt,100,0.099,-0.00703,1.028014552,-0.003515
Ni_foil_LSV 2.3 ohm.txt,101,0.1,-0.007499,1.029015523,-0.0037495
Ni_foil_LSV 2.3 ohm.txt,102,0.101,-0.007342,1.030015198,-0.003671
Ni_foil_LSV 2.3 ohm.txt,103,0.102,-0.00742,1.031015359,-0.00371
Ni_foil_LSV 2.3 ohm.txt,104,0.103,-0.007577,1.032015684,-0.0037885
Ni_foil_LSV 2.3 ohm.txt,105,0.104,-0.007342,1.033015198,-0.003671
Ni_foil_LSV 2.3 ohm.txt,106,0.105,-0.006874,1.034014229,-0.003437
Ni_foil_LSV 2.3 ohm.txt,107,0.106,-0.00742,1.035015359,-0.00371
Ni_foil_LSV 2.3 ohm.txt,108,0.107,-0.007342,1.036015198,-0.003671
Ni_foil_LSV 2.3 ohm.txt,109,0.108,-0.007499,1.037015523,-0.0037495
Ni_foil_LSV 2.3 ohm.txt,110,0.109,-0.006952,1.038014391,-0.003476
Ni_foil_LSV 2.3 ohm.txt,111,0.11,-0.00742,1.039015359,-0.00371
Ni_foil_LSV 2.3 ohm.txt,112,0.111,-0.007342,1.040015198,-0.003671
Ni_foil_LSV 2.3 ohm.txt,113,0.112,-0.007186,1.041014875,-0.003593
Ni_foil_LSV 2.3 ohm.txt,114,0.113,-0.007342,1.042015198,-0.003671
Ni_foil_LSV 2.3 ohm.txt,115,0.114,-0.007108,1.043014714,-0.003554
Ni_foil_LSV 2.3 ohm.txt,116,0.115,-0.007264,1.044015036,-0.003632
Ni_foil_LSV 2.3 ohm.txt,117,0.116,-0.007186,1.045014875,-0.003593
Ni_foil_LSV 2.3 ohm.txt,118,0.117,-0.007108,1.046014714,-0.003554
Ni_foil_LSV 2.3 ohm.txt,119,0.118,-0.006874,1.047014229,-0.003437
Ni_foil_LSV 2.3 ohm.txt,120,0.119,-0.00703,1.048014552,-0.003515
Ni_foil_LSV 2.3 ohm.txt,121,0.12,-0.006717,1.049013904,-0.0033585
Ni_foil_LSV 2.3 ohm.txt,122,0.121,-0.006952,1.050014391,-0.003476
Ni_foil_LSV 2.3 ohm.txt,123,0.122,-0.00703,1.051014552,-0.003515
Ni_foil_LSV 2.3 ohm.txt,124,0.123,-0.007264,1.052015036,-0.003632
Ni_foil_LSV 2.3 ohm.txt,125,0.124,-0.00703,1.053014552,-0.003515
Ni_foil_LSV 2.3 ohm.txt,126,0.125,-0.006639,1.054013743,-0.0033195
Ni_foil_LSV 2.3 ohm.txt,127,0.126,-0.006796,1.055014068,-0.003398
Ni_foil_LSV 2.3 ohm.txt,128,0.127,-0.007186,1.056014875,-0.003593
Ni_foil_LSV 2.3 ohm.txt,129,0.128,-0.006952,1.057014391,-0.003476
Ni_foil_LSV 2.3 ohm.txt,130,0.129,-0.006952,1.058014391,-0.003476
Ni_foil_LSV 2.3 ohm.txt,131,0.13,-0.007186,1.059014875,-0.003593
Ni_foil_LSV 2.3 ohm.txt,132,0.131,-0.006796,1.060014068,-0.003398
Ni_foil_LSV 2.3 ohm.txt,133,0.132,-0.006405,1.061013258,-0.0032025
Ni_foil_LSV 2.3 ohm.txt,134,0.133,-0.006874,1.062014229,-0.003437
Ni_foil_LSV 2.3 ohm.txt,135,0.134,-0.006796,1.063014068,-0.003398
Ni_foil_LSV 2.3 ohm.txt,136,0.135,-0.006796,1.064014068,-0.003398
Ni_foil_LSV 2.3 ohm.txt,137,0.136,-0.006952,1.065014391,-0.003476
Ni_foil_LSV 2.3 ohm.txt,138,0.137,-0.006717,1.066013904,-0.0033585
Ni_foil_LSV 2.3 ohm.txt,139,0.138,-0.006874,1.067014229,-0.003437
Ni_foil_LSV 2.3 ohm.txt,140,0.139,-0.006639,1.068013743,-0.0033195
Ni_foil_LSV 2.3 ohm.txt,141,0.14,-0.006874,1.069014229,-0.003437
Ni_foil_LSV 2.3 ohm.txt,142,0.141,-0.006796,1.070014068,-0.003398
Ni_foil_LSV 2.3 ohm.txt,143,0.142,-0.006796,1.071014068,-0.003398
Ni_foil_LSV 2.3 ohm.txt,144,0.143,-0.006561,1.072013581,-0.0032805
Ni_foil_LSV 2.3 ohm.txt,145,0.144,-0.006561,1.073013581,-0.0032805
Ni_foil_LSV 2.3 ohm.txt,146,0.145,-0.006249,1.074012935,-0.0031245
Ni_foil_LSV 2.3 ohm.txt,147,0.146,-0.006014,1.075012449,-0.003007
Ni_foil_LSV 2.3 ohm.txt,148,0.147,-0.006014,1.076012449,-0.003007
Ni_foil_LSV 2.3 ohm.txt,149,0.148,-0.006327,1.077013097,-0.0031635
Ni_foil_LSV 2.3 ohm.txt,150,0.149,-0.006483,1.07801342,-0.0032415
Ni_foil_LSV 2.3 ohm.txt,151,0.15,-0.006561,1.079013581,-0.0032805
Ni_foil_LSV 2.3 ohm.txt,152,0.151,-0.006796,1.080014068,-0.003398
Ni_foil_LSV 2.3 ohm.txt,153,0.152,-0.006327,1.081013097,-0.0031635
Ni_foil_LSV 2.3 ohm.txt,154,0.153,-0.006483,1.08201342,-0.0032415
Ni_foil_LSV 2.3 ohm.txt,155,0.154,-0.006952,1.083014391,-0.003476
Ni_foil_LSV 2.3 ohm.txt,156,0.155,-0.007108,1.084014714,-0.003554
Ni_foil_LSV 2.3 ohm.txt,157,0.156,-0.006561,1.085013581,-0.0032805
Ni_foil_LSV 2.3 ohm.txt,158,0.157,-0.006796,1.086014068,-0.003398
Ni_foil_LSV 2.3 ohm.txt,159,0.158,-0.006796,1.087014068,-0.003398
Ni_foil_LSV 2.3 ohm.txt,160,0.159,-0.006874,1.088014229,-0.003437
Ni_foil_LSV 2.3 ohm.txt,161,0.16,-0.006874,1.089014229,-0.003437
Ni_foil_LSV 2.3 ohm.txt,162,0.161,-0.006874,1.090014229,-0.003437
Ni_foil_LSV 2.3 ohm.txt,163,0.162,-0.006874,1.091014229,-0.003437
Ni_foil_LSV 2.3 ohm.txt,164,0.163,-0.006639,1.092013743,-0.0033195
Ni_foil_LSV 2.3 ohm.txt,165,0.164,-0.006717,1.093013904,-0.0033585
Ni_foil_LSV 2.3 ohm.txt,166,0.165,-0.006874,1.094014229,-0.003437
Ni_foil_LSV 2.3 ohm.txt,167,0.166,-0.006483,1.09501342,-0.0032415
Ni_foil_LSV 2.3 ohm.txt,168,0.167,-0.006717,1.096013904,-0.0033585
Ni_foil_LSV 2.3 ohm.txt,169,0.168,-0.006796,1.097014068,-0.003398
Ni_foil_LSV 2.3 ohm.txt,170,0.169,-0.006483,1.09801342,-0.0032415
Ni_foil_LSV 2.3 ohm.txt,171,0.17,-0.006639,1.099013743,-0.0033195
Ni_foil_LSV 2.3 ohm.txt,172,0.171,-0.006561,1.100013581,-0.0032805
Ni_foil_LSV 2.3 ohm.txt,173,0.172,-0.006171,1.101012774,-0.0030855
Ni_foil_LSV 2.3 ohm.txt,174,0.173,-0.006483,1.10201342,-0.0032415
Ni_foil_LSV 2.3 ohm.txt,175,0.174,-0.006639,1.103013743,-0.0033195
Ni_foil_LSV 2.3 ohm.txt,176,0.175,-0.006327,1.104013097,-0.0031635
Ni_foil_LSV 2.3 ohm.txt,177,0.176,-0.006796,1.105014068,-0.003398
Ni_foil_LSV 2.3 ohm.txt,178,0.177,-0.006483,1.10601342,-0.0032415
Ni_foil_LSV 2.3 ohm.txt,179,0.178,-0.006561,1.107013581,-0.0032805
Ni_foil_LSV 2.3 ohm.txt,180,0.179,-0.006561,1.108013581,-0.0032805
Ni_foil_LSV 2.3 ohm.txt,181,0.18,-0.00703,1.109014552,-0.003515
Ni_foil_LSV 2.3 ohm.txt,182,0.181,-0.006483,1.11001342,-0.0032415
Ni_foil_LSV 2.3 ohm.txt,183,0.182,-0.006561,1.111013581,-0.0032805
Ni_foil_LSV 2.3 ohm.txt,184,0.183,-0.006717,1.112013904,-0.0033585
Ni_foil_LSV 2.3 ohm.txt,185,0.184,-0.006405,1.113013258,-0.0032025
Ni_foil_LSV 2.3 ohm.txt,186,0.185,-0.006639,1.114013743,-0.0033195
Ni_foil_LSV 2.3 ohm.txt,187,0.186,-0.006874,1.115014229,-0.003437
Ni_foil_LSV 2.3 ohm.txt,188,0.187,-0.006327,1.116013097,-0.0031635
Ni_foil_LSV 2.3 ohm.txt,189,0.188,-0.006405,1.117013258,-0.0032025
Ni_foil_LSV 2.3 ohm.txt,190,0.189,-0.006639,1.118013743,-0.0033195
Ni_foil_LSV 2.3 ohm.txt,191,0.19,-0.006561,1.119013581,-0.0032805
Ni_foil_LSV 2.3 ohm.txt,192,0.191,-0.006796,1.120014068,-0.003398
Ni_foil_LSV 2.3 ohm.txt,193,0.192,-0.006796,1.121014068,-0.003398
Ni_foil_LSV 2.3 ohm.txt,194,0.193,-0.006639,1.122013743,-0.0033195
Ni_foil_LSV 2.3 ohm.txt,195,0.194,-0.006874,1.123014229,-0.003437
Ni_foil_LSV 2.3 ohm.txt,196,0.195,-0.006561,1.124013581,-0.0032805
Ni_foil_LSV 2.3 ohm.txt,197,0.196,-0.006249,1.125012935,-0.0031245
Ni_foil_LSV 2.3 ohm.txt,198,0.197,-0.005936,1.126012288,-0.002968
Ni_foil_LSV 2.3 ohm.txt,199,0.198,-0.006093,1.127012613,-0.0030465
Ni_foil_LSV 2.3 ohm.txt,200,0.199,-0.005858,1.128012126,-0.002929
Ni_foil_LSV 2.3 ohm.txt,201,0.2,-0.006171,1.129012774,-0.0030855
Ni_foil_LSV 2.3 ohm.txt,202,0.201,-0.005936,1.130012288,-0.002968
Ni_foil_LSV 2.3 ohm.txt,203,0.202,-0.005936,1.131012288,-0.002968
Ni_foil_LSV 2.3 ohm.txt,204,0.203,-0.006249,1.132012935,-0.0031245
Ni_foil_LSV 2.3 ohm.txt,205,0.204,-0.006171,1.133012774,-0.0030855
Ni_foil_LSV 2.3 ohm.txt,206,0.205,-0.006093,1.134012613,-0.0030465
Ni_foil_LSV 2.3 ohm.txt,207,0.206,-0.00578,1.135011965,-0.00289
Ni_foil_LSV 2.3 ohm.txt,208,0.207,-0.005936,1.136012288,-0.002968
Ni_foil_LSV 2.3 ohm.txt,209,0.208,-0.006014,1.137012449,-0.003007
Ni_foil_LSV 2.3 ohm.txt,210,0.209,-0.006249,1.138012935,-0.0031245
Ni_foil_LSV 2.3 ohm.txt,211,0.21,-0.006327,1.139013097,-0.0031635
Ni_foil_LSV 2.3 ohm.txt,212,0.211,-0.006639,1.140013743,-0.0033195
Ni_foil_LSV 2.3 ohm.txt,213,0.212,-0.006327,1.141013097,-0.0031635
Ni_foil_LSV 2.3 ohm.txt,214,0.213,-0.006249,1.142012935,-0.0031245
Ni_foil_LSV 2.3 ohm.txt,215,0.214,-0.006014,1.143012449,-0.003007
Ni_foil_LSV 2.3 ohm.txt,216,0.215,-0.006327,1.144013097,-0.0031635
Ni_foil_LSV 2.3 ohm.txt,217,0.216,-0.006405,1.145013258,-0.0032025
Ni_foil_LSV 2.3 ohm.txt,218,0.217,-0.006249,1.146012935,-0.0031245
Ni_foil_LSV 2.3 ohm.txt,219,0.218,-0.006014,1.147012449,-0.003007
Ni_foil_LSV 2.3 ohm.txt,220,0.219,-0.006014,1.148012449,-0.003007
Ni_foil_LSV 2.3 ohm.txt,221,0.22,-0.006014,1.149012449,-0.003007
Ni_foil_LSV 2.3 ohm.txt,222,0.221,-0.006483,1.15001342,-0.0032415
Ni_foil_LSV 2.3 ohm.txt,223,0.222,-0.006249,1.151012935,-0.0031245
Ni_foil_LSV 2.3 ohm.txt,224,0.223,-0.005858,1.152012126,-0.002929
Ni_foil_LSV 2.3 ohm.txt,225,0.224,-0.006171,1.153012774,-0.0030855
Ni_foil_LSV 2.3 ohm.txt,226,0.225,-0.005936,1.154012288,-0.002968
Ni_foil_LSV 2.3 ohm.txt,227,0.226,-0.006483,1.15501342,-0.0032415
Ni_foil_LSV 2.3 ohm.txt,228,0.227,-0.005936,1.156012288,-0.002968
Ni_foil_LSV 2.3 ohm.txt,229,0.228,-0.005624,1.157011642,-0.002812
Ni_foil_LSV 2.3 ohm.txt,230,0.229,-0.006014,1.158012449,-0.003007
Ni_foil_LSV 2.3 ohm.txt,231,0.23,-0.006093,1.159012613,-0.0030465
Ni_foil_LSV 2.3 ohm.txt,232,0.231,-0.006171,1.160012774,-0.0030855
Ni_foil_LSV 2.3 ohm.txt,233,0.232,-0.006093,1.161012613,-0.0030465
Ni_foil_LSV 2.3 ohm.txt,234,0.233,-0.006171,1.162012774,-0.0030855
Ni_foil_LSV 2.3 ohm.txt,235,0.234,-0.005858,1.163012126,-0.002929
Ni_foil_LSV 2.3 ohm.txt,236,0.235,-0.00578,1.164011965,-0.00289
Ni_foil_LSV 2.3 ohm.txt,237,0.236,-0.00578,1.165011965,-0.00289
Ni_foil_LSV 2.3 ohm.txt,238,0.237,-0.006014,1.166012449,-0.003007
Ni_foil_LSV 2.3 ohm.txt,239,0.238,-0.005624,1.167011642,-0.002812
Ni_foil_LSV 2.3 ohm.txt,240,0.239,-0.005468,1.168011319,-0.002734
Ni_foil_LSV 2.3 ohm.txt,241,0.24,-0.005624,1.169011642,-0.002812
Ni_foil_LSV 2.3 ohm.txt,242,0.241,-0.005546,1.17001148,-0.002773
Ni_foil_LSV 2.3 ohm.txt,243,0.242,-0.005702,1.171011803,-0.002851
Ni_foil_LSV 2.3 ohm.txt,244,0.243,-0.005468,1.172011319,-0.002734
Ni_foil_LSV 2.3 ohm.txt,245,0.244,-0.005233,1.173010832,-0.0026165
Ni_foil_LSV 2.3 ohm.txt,246,0.245,-0.005077,1.174010509,-0.0025385
Ni_foil_LSV 2.3 ohm.txt,247,0.246,-0.005233,1.175010832,-0.0026165
Ni_foil_LSV 2.3 ohm.txt,248,0.247,-0.00539,1.176011157,-0.002695
Ni_foil_LSV 2.3 ohm.txt,249,0.248,-0.004999,1.177010348,-0.0024995
Ni_foil_LSV 2.3 ohm.txt,250,0.249,-0.005233,1.178010832,-0.0026165
Ni_foil_LSV 2.3 ohm.txt,251,0.25,-0.004921,1.179010186,-0.0024605
Ni_foil_LSV 2.3 ohm.txt,252,0.251,-0.004765,1.180009864,-0.0023825
Ni_foil_LSV 2.3 ohm.txt,253,0.252,-0.004609,1.181009541,-0.0023045
Ni_foil_LSV 2.3 ohm.txt,254,0.253,-0.004687,1.182009702,-0.0023435
Ni_foil_LSV 2.3 ohm.txt,255,0.254,-0.004609,1.183009541,-0.0023045
Ni_foil_LSV 2.3 ohm.txt,256,0.255,-0.004296,1.184008893,-0.002148
Ni_foil_LSV 2.3 ohm.txt,257,0.256,-0.004765,1.185009864,-0.0023825
Ni_foil_LSV 2.3 ohm.txt,258,0.257,-0.004765,1.186009864,-0.0023825
Ni_foil_LSV 2.3 ohm.txt,259,0.258,-0.005312,1.187010996,-0.002656
Ni_foil_LSV 2.3 ohm.txt,260,0.259,-0.004999,1.188010348,-0.0024995
Ni_foil_LSV 2.3 ohm.txt,261,0.26,-0.004687,1.189009702,-0.0023435
Ni_foil_LSV 2.3 ohm.txt,262,0.261,-0.004765,1.190009864,-0.0023825
Ni_foil_LSV 2.3 ohm.txt,263,0.262,-0.004687,1.191009702,-0.0023435
Ni_foil_LSV 2.3 ohm.txt,264,0.263,-0.004843,1.192010025,-0.0024215
Ni_foil_LSV 2.3 ohm.txt,265,0.264,-0.004687,1.193009702,-0.0023435
Ni_foil_LSV 2.3 ohm.txt,266,0.265,-0.004687,1.194009702,-0.0023435
Ni_foil_LSV 2.3 ohm.txt,267,0.266,-0.004687,1.195009702,-0.0023435
Ni_foil_LSV 2.3 ohm.txt,268,0.267,-0.004218,1.196008731,-0.002109
Ni_foil_LSV 2.3 ohm.txt,269,0.268,-0.00414,1.19700857,-0.00207
Ni_foil_LSV 2.3 ohm.txt,270,0.269,-0.004374,1.198009054,-0.002187
Ni_foil_LSV 2.3 ohm.txt,271,0.27,-0.004452,1.199009216,-0.002226
Ni_foil_LSV 2.3 ohm.txt,272,0.271,-0.004062,1.200008408,-0.002031
Ni_foil_LSV 2.3 ohm.txt,273,0.272,-0.004374,1.201009054,-0.002187
Ni_foil_LSV 2.3 ohm.txt,274,0.273,-0.00414,1.20200857,-0.00207
Ni_foil_LSV 2.3 ohm.txt,275,0.274,-0.004296,1.203008893,-0.002148
Ni_foil_LSV 2.3 ohm.txt,276,0.275,-0.004296,1.204008893,-0.002148
Ni_foil_LSV 2.3 ohm.txt,277,0.276,-0.004296,1.205008893,-0.002148
Ni_foil_LSV 2.3 ohm.txt,278,0.277,-0.003906,1.206008085,-0.001953
Ni_foil_LSV 2.3 ohm.txt,279,0.278,-0.003827,1.207007922,-0.0019135
Ni_foil_LSV 2.3 ohm.txt,280,0.279,-0.003906,1.208008085,-0.001953
Ni_foil_LSV 2.3 ohm.txt,281,0.28,-0.004062,1.209008408,-0.002031
Ni_foil_LSV 2.3 ohm.txt,282,0.281,-0.003827,1.210007922,-0.0019135
Ni_foil_LSV 2.3 ohm.txt,283,0.282,-0.004062,1.211008408,-0.002031
Ni_foil_LSV 2.3 ohm.txt,284,0.283,-0.003749,1.21200776,-0.0018745
Ni_foil_LSV 2.3 ohm.txt,285,0.284,-0.003827,1.213007922,-0.0019135
Ni_foil_LSV 2.3 ohm.txt,286,0.285,-0.003749,1.21400776,-0.0018745
Ni_foil_LSV 2.3 ohm.txt,287,0.286,-0.003593,1.215007438,-0.0017965
Ni_foil_LSV 2.3 ohm.txt,288,0.287,-0.003593,1.216007438,-0.0017965
Ni_foil_LSV 2.3 ohm.txt,289,0.288,-0.003671,1.217007599,-0.0018355
Ni_foil_LSV 2.3 ohm.txt,290,0.289,-0.003671,1.218007599,-0.0018355
Ni_foil_LSV 2.3 ohm.txt,291,0.29,-0.003671,1.219007599,-0.0018355
Ni_foil_LSV 2.3 ohm.txt,292,0.291,-0.003515,1.220007276,-0.0017575
Ni_foil_LSV 2.3 ohm.txt,293,0.292,-0.003281,1.221006792,-0.0016405
Ni_foil_LSV 2.3 ohm.txt,294,0.293,-0.00289,1.222005982,-0.001445
Ni_foil_LSV 2.3 ohm.txt,295,0.294,-0.003203,1.22300663,-0.0016015
Ni_foil_LSV 2.3 ohm.txt,296,0.295,-0.002968,1.224006144,-0.001484
Ni_foil_LSV 2.3 ohm.txt,297,0.296,-0.0025,1.225005175,-0.00125
Ni_foil_LSV 2.3 ohm.txt,298,0.297,-0.002734,1.226005659,-0.001367
Ni_foil_LSV 2.3 ohm.txt,299,0.298,-0.002421,1.227005011,-0.0012105
Ni_foil_LSV 2.3 ohm.txt,300,0.299,-0.002421,1.228005011,-0.0012105
Ni_foil_LSV 2.3 ohm.txt,301,0.3,-0.0025,1.229005175,-0.00125
Ni_foil_LSV 2.3 ohm.txt,302,0.301,-0.002265,1.230004689,-0.0011325
Ni_foil_LSV 2.3 ohm.txt,303,0.302,-0.002968,1.231006144,-0.001484
Ni_foil_LSV 2.3 ohm.txt,304,0.303,-0.0025,1.232005175,-0.00125
Ni_foil_LSV 2.3 ohm.txt,305,0.304,-0.0025,1.233005175,-0.00125
Ni_foil_LSV 2.3 ohm.txt,306,0.305,-0.002343,1.23400485,-0.0011715
Ni_foil_LSV 2.3 ohm.txt,307,0.306,-0.002421,1.235005011,-0.0012105
Ni_foil_LSV 2.3 ohm.txt,308,0.307,-0.002031,1.236004204,-0.0010155
Ni_foil_LSV 2.3 ohm.txt,309,0.308,-0.001718,1.237003556,-0.000859
Ni_foil_LSV 2.3 ohm.txt,310,0.309,-0.001875,1.238003881,-0.0009375
Ni_foil_LSV 2.3 ohm.txt,311,0.31,-0.001953,1.239004043,-0.0009765
Ni_foil_LSV 2.3 ohm.txt,312,0.311,-0.001718,1.240003556,-0.000859
Ni_foil_LSV 2.3 ohm.txt,313,0.312,-0.001718,1.241003556,-0.000859
Ni_foil_LSV 2.3 ohm.txt,314,0.313,-0.001875,1.242003881,-0.0009375
Ni_foil_LSV 2.3 ohm.txt,315,0.314,-0.001797,1.24300372,-0.0008985
Ni_foil_LSV 2.3 ohm.txt,316,0.315,-0.00125,1.244002588,-0.000625
Ni_foil_LSV 2.3 ohm.txt,317,0.316,-0.0009373,1.24500194,-0.00046865
Ni_foil_LSV 2.3 ohm.txt,318,0.317,-0.0008592,1.246001779,-0.0004296
Ni_foil_LSV 2.3 ohm.txt,319,0.318,-0.00125,1.247002588,-0.000625
Ni_foil_LSV 2.3 ohm.txt,320,0.319,-0.0008592,1.248001779,-0.0004296
Ni_foil_LSV 2.3 ohm.txt,321,0.32,-0.0008592,1.249001779,-0.0004296
Ni_foil_LSV 2.3 ohm.txt,322,0.321,-0.0001562,1.250000323,-7.81E-05
Ni_foil_LSV 2.3 ohm.txt,323,0.322,-0.0003906,1.251000809,-0.0001953
Ni_foil_LSV 2.3 ohm.txt,324,0.323,-0.001406,1.25200291,-0.000703
Ni_foil_LSV 2.3 ohm.txt,325,0.324,-0.0008592,1.253001779,-0.0004296
Ni_foil_LSV 2.3 ohm.txt,326,0.325,-0.0008592,1.254001779,-0.0004296
Ni_foil_LSV 2.3 ohm.txt,327,0.326,-0.0009373,1.25500194,-0.00046865
Ni_foil_LSV 2.3 ohm.txt,328,0.327,-0.0005468,1.256001132,-0.0002734
Ni_foil_LSV 2.3 ohm.txt,329,0.328,-0.0008592,1.257001779,-0.0004296
Ni_foil_LSV 2.3 ohm.txt,330,0.329,-0.0004687,1.25800097,-0.00023435
Ni_foil_LSV 2.3 ohm.txt,331,0.33,-0.0003906,1.259000809,-0.0001953
Ni_foil_LSV 2.3 ohm.txt,332,0.331,0.0002343,1.259999515,0.00011715
Ni_foil_LSV 2.3 ohm.txt,333,0.332,-0.0002343,1.261000485,-0.00011715
Ni_foil_LSV 2.3 ohm.txt,334,0.333,-0.0001562,1.262000323,-7.81E-05
Ni_foil_LSV 2.3 ohm.txt,335,0.334,0.0003905,1.262999192,0.00019525
Ni_foil_LSV 2.3 ohm.txt,336,0.335,-4.28E-09,1.264,-2.14E-09
Ni_foil_LSV 2.3 ohm.txt,337,0.336,0.0003905,1.264999192,0.00019525
Ni_foil_LSV 2.3 ohm.txt,338,0.337,0.0003905,1.265999192,0.00019525
Ni_foil_LSV 2.3 ohm.txt,339,0.338,-0.0001562,1.267000323,-7.81E-05
Ni_foil_LSV 2.3 ohm.txt,340,0.339,-0.0001562,1.268000323,-7.81E-05
Ni_foil_LSV 2.3 ohm.txt,341,0.34,0.0001562,1.268999677,7.81E-05
Ni_foil_LSV 2.3 ohm.txt,342,0.341,7.81E-05,1.269999838,3.91E-05
Ni_foil_LSV 2.3 ohm.txt,343,0.342,0.0003124,1.270999353,0.0001562
Ni_foil_LSV 2.3 ohm.txt,344,0.343,0.0005468,1.271998868,0.0002734
Ni_foil_LSV 2.3 ohm.txt,345,0.344,0.0002343,1.272999515,0.00011715
Ni_foil_LSV 2.3 ohm.txt,346,0.345,0.0003905,1.273999192,0.00019525
Ni_foil_LSV 2.3 ohm.txt,347,0.346,0.0004687,1.27499903,0.00023435
Ni_foil_LSV 2.3 ohm.txt,348,0.347,0.0003905,1.275999192,0.00019525
Ni_foil_LSV 2.3 ohm.txt,349,0.348,0.0007811,1.276998383,0.00039055
Ni_foil_LSV 2.3 ohm.txt,350,0.349,0.0009373,1.27799806,0.00046865
Ni_foil_LSV 2.3 ohm.txt,351,0.35,0.001172,1.278997574,0.000586
Ni_foil_LSV 2.3 ohm.txt,352,0.351,0.00125,1.279997413,0.000625
Ni_foil_LSV 2.3 ohm.txt,353,0.352,0.0007811,1.280998383,0.00039055
Ni_foil_LSV 2.3 ohm.txt,354,0.353,0.0008592,1.281998221,0.0004296
Ni_foil_LSV 2.3 ohm.txt,355,0.354,0.001172,1.282997574,0.000586
Ni_foil_LSV 2.3 ohm.txt,356,0.355,0.001172,1.283997574,0.000586
Ni_foil_LSV 2.3 ohm.txt,357,0.356,0.00125,1.284997413,0.000625
Ni_foil_LSV 2.3 ohm.txt,358,0.357,0.001562,1.285996767,0.000781
Ni_foil_LSV 2.3 ohm.txt,359,0.358,0.00125,1.286997412,0.000625
Ni_foil_LSV 2.3 ohm.txt,360,0.359,0.001406,1.28799709,0.000703
Ni_foil_LSV 2.3 ohm.txt,361,0.36,0.001406,1.28899709,0.000703
Ni_foil_LSV 2.3 ohm.txt,362,0.361,0.001718,1.289996444,0.000859
Ni_foil_LSV 2.3 ohm.txt,363,0.362,0.001562,1.290996767,0.000781
Ni_foil_LSV 2.3 ohm.txt,364,0.363,0.001797,1.29199628,0.0008985
Ni_foil_LSV 2.3 ohm.txt,365,0.364,0.002031,1.292995796,0.0010155
Ni_foil_LSV 2.3 ohm.txt,366,0.365,0.002187,1.293995473,0.0010935
Ni_foil_LSV 2.3 ohm.txt,367,0.366,0.002187,1.294995473,0.0010935
Ni_foil_LSV 2.3 ohm.txt,368,0.367,0.002656,1.295994502,0.001328
Ni_foil_LSV 2.3 ohm.txt,369,0.368,0.0025,1.296994825,0.00125
Ni_foil_LSV 2.3 ohm.txt,370,0.369,0.002421,1.297994989,0.0012105
Ni_foil_LSV 2.3 ohm.txt,371,0.37,0.002734,1.298994341,0.001367
Ni_foil_LSV 2.3 ohm.txt,372,0.371,0.002812,1.299994179,0.001406
Ni_foil_LSV 2.3 ohm.txt,373,0.372,0.002812,1.300994179,0.001406
Ni_foil_LSV 2.3 ohm.txt,374,0.373,0.002968,1.301993856,0.001484
Ni_foil_LSV 2.3 ohm.txt,375,0.374,0.003281,1.302993208,0.0016405
Ni_foil_LSV 2.3 ohm.txt,376,0.375,0.003203,1.30399337,0.0016015
Ni_foil_LSV 2.3 ohm.txt,377,0.376,0.003359,1.304993047,0.0016795
Ni_foil_LSV 2.3 ohm.txt,378,0.377,0.003671,1.305992401,0.0018355
Ni_foil_LSV 2.3 ohm.txt,379,0.378,0.003984,1.306991753,0.001992
Ni_foil_LSV 2.3 ohm.txt,380,0.379,0.004062,1.307991592,0.002031
Ni_foil_LSV 2.3 ohm.txt,381,0.38,0.003671,1.308992401,0.0018355
Ni_foil_LSV 2.3 ohm.txt,382,0.381,0.003906,1.309991915,0.001953
Ni_foil_LSV 2.3 ohm.txt,383,0.382,0.004452,1.310990784,0.002226
Ni_foil_LSV 2.3 ohm.txt,384,0.383,0.004609,1.311990459,0.0023045
Ni_foil_LSV 2.3 ohm.txt,385,0.384,0.004609,1.312990459,0.0023045
Ni_foil_LSV 2.3 ohm.txt,386,0.385,0.004843,1.313989975,0.0024215
Ni_foil_LSV 2.3 ohm.txt,387,0.386,0.005546,1.31498852,0.002773
Ni_foil_LSV 2.3 ohm.txt,388,0.387,0.00539,1.315988843,0.002695
Ni_foil_LSV 2.3 ohm.txt,389,0.388,0.005311,1.316989006,0.0026555
Ni_foil_LSV 2.3 ohm.txt,390,0.389,0.005702,1.317988197,0.002851
Ni_foil_LSV 2.3 ohm.txt,391,0.39,0.006249,1.318987065,0.0031245
Ni_foil_LSV 2.3 ohm.txt,392,0.391,0.005936,1.319987712,0.002968
Ni_foil_LSV 2.3 ohm.txt,393,0.392,0.006014,1.320987551,0.003007
Ni_foil_LSV 2.3 ohm.txt,394,0.393,0.006639,1.321986257,0.0033195
Ni_foil_LSV 2.3 ohm.txt,395,0.394,0.007108,1.322985286,0.003554
Ni_foil_LSV 2.3 ohm.txt,396,0.395,0.007186,1.323985125,0.003593
Ni_foil_LSV 2.3 ohm.txt,397,0.396,0.007264,1.324984964,0.003632
Ni_foil_LSV 2.3 ohm.txt,398,0.397,0.007342,1.325984802,0.003671
Ni_foil_LSV 2.3 ohm.txt,399,0.398,0.007733,1.326983993,0.0038665
Ni_foil_LSV 2.3 ohm.txt,400,0.399,0.007811,1.327983831,0.0039055
Ni_foil_LSV 2.3 ohm.txt,401,0.4,0.008358,1.328982699,0.004179
Ni_foil_LSV 2.3 ohm.txt,402,0.401,0.008983,1.329981405,0.0044915
Ni_foil_LSV 2.3 ohm.txt,403,0.402,0.008983,1.330981405,0.0044915
Ni_foil_LSV 2.3 ohm.txt,404,0.403,0.01023,1.331978824,0.005115
Ni_foil_LSV 2.3 ohm.txt,405,0.404,0.01008,1.332979134,0.00504
Ni_foil_LSV 2.3 ohm.txt,406,0.405,0.01062,1.333978017,0.00531
Ni_foil_LSV 2.3 ohm.txt,407,0.406,0.01156,1.334976071,0.00578
Ni_foil_LSV 2.3 ohm.txt,408,0.407,0.01219,1.335974767,0.006095
Ni_foil_LSV 2.3 ohm.txt,409,0.408,0.0132,1.336972676,0.0066
Ni_foil_LSV 2.3 ohm.txt,410,0.409,0.01219,1.337974767,0.006095
Ni_foil_LSV 2.3 ohm.txt,411,0.41,0.01476,1.338969447,0.00738
Ni_foil_LSV 2.3 ohm.txt,412,0.411,0.01625,1.339966363,0.008125
Ni_foil_LSV 2.3 ohm.txt,413,0.412,0.01851,1.340961684,0.009255
Ni_foil_LSV 2.3 ohm.txt,414,0.413,0.0207,1.341957151,0.01035
Ni_foil_LSV 2.3 ohm.txt,415,0.414,0.02296,1.342952473,0.01148
Ni_foil_LSV 2.3 ohm.txt,416,0.415,0.02749,1.343943096,0.013745
Ni_foil_LSV 2.3 ohm.txt,417,0.416,0.03163,1.344934526,0.015815
Ni_foil_LSV 2.3 ohm.txt,418,0.417,0.03757,1.34592223,0.018785
Ni_foil_LSV 2.3 ohm.txt,419,0.418,0.04444,1.346908009,0.02222
Ni_foil_LSV 2.3 ohm.txt,420,0.419,0.0546,1.347886978,0.0273
Ni_foil_LSV 2.3 ohm.txt,421,0.42,0.06686,1.3488616,0.03343
Ni_foil_LSV 2.3 ohm.txt,422,0.421,0.08288,1.349828438,0.04144
Ni_foil_LSV 2.3 ohm.txt,423,0.422,0.1019,1.350789067,0.05095
Ni_foil_LSV 2.3 ohm.txt,424,0.423,0.1279,1.351735247,0.06395
Ni_foil_LSV 2.3 ohm.txt,425,0.424,0.1601,1.352668593,0.08005
Ni_foil_LSV 2.3 ohm.txt,426,0.425,0.2015,1.353582895,0.10075
Ni_foil_LSV 2.3 ohm.txt,427,0.426,0.2539,1.354474427,0.12695
Ni_foil_LSV 2.3 ohm.txt,428,0.427,0.3206,1.355336358,0.1603
Ni_foil_LSV 2.3 ohm.txt,429,0.428,0.3968,1.356178624,0.1984
Ni_foil_LSV 2.3 ohm.txt,430,0.429,0.4748,1.357017164,0.2374
Ni_foil_LSV 2.3 ohm.txt,431,0.43,0.5511,1.357859223,0.27555
Ni_foil_LSV 2.3 ohm.txt,432,0.431,0.6248,1.358706664,0.3124
Ni_foil_LSV 2.3 ohm.txt,433,0.432,0.6942,1.359563006,0.3471
Ni_foil_LSV 2.3 ohm.txt,434,0.433,0.7606,1.360425558,0.3803
Ni_foil_LSV 2.3 ohm.txt,435,0.434,0.8191,1.361304463,0.40955
Ni_foil_LSV 2.3 ohm.txt,436,0.435,0.8716,1.362195788,0.4358
Ni_foil_LSV 2.3 ohm.txt,437,0.436,0.9076,1.363121268,0.4538
Ni_foil_LSV 2.3 ohm.txt,438,0.437,0.9276,1.364079868,0.4638
Ni_foil_LSV 2.3 ohm.txt,439,0.438,0.9348,1.365064964,0.4674
Ni_foil_LSV 2.3 ohm.txt,440,0.439,0.9258,1.366083594,0.4629
Ni_foil_LSV 2.3 ohm.txt,441,0.44,0.9026,1.367131618,0.4513
Ni_foil_LSV 2.3 ohm.txt,442,0.441,0.8681,1.368203033,0.43405
Ni_foil_LSV 2.3 ohm.txt,443,0.442,0.8217,1.369299081,0.41085
Ni_foil_LSV 2.3 ohm.txt,444,0.443,0.7722,1.370401546,0.3861
Ni_foil_LSV 2.3 ohm.txt,445,0.444,0.7196,1.371510428,0.3598
Ni_foil_LSV 2.3 ohm.txt,446,0.445,0.6673,1.372618689,0.33365
Ni_foil_LSV 2.3 ohm.txt,447,0.446,0.6189,1.373718877,0.30945
Ni_foil_LSV 2.3 ohm.txt,448,0.447,0.5716,1.374816788,0.2858
Ni_foil_LSV 2.3 ohm.txt,449,0.448,0.5257,1.375911801,0.26285
Ni_foil_LSV 2.3 ohm.txt,450,0.449,0.4875,1.376990875,0.24375
Ni_foil_LSV 2.3 ohm.txt,451,0.45,0.4517,1.378064981,0.22585
Ni_foil_LSV 2.3 ohm.txt,452,0.451,0.4213,1.379127909,0.21065
Ni_foil_LSV 2.3 ohm.txt,453,0.452,0.3947,1.380182971,0.19735
Ni_foil_LSV 2.3 ohm.txt,454,0.453,0.3695,1.381235135,0.18475
Ni_foil_LSV 2.3 ohm.txt,455,0.454,0.3481,1.382279433,0.17405
Ni_foil_LSV 2.3 ohm.txt,456,0.455,0.3287,1.383319591,0.16435
Ni_foil_LSV 2.3 ohm.txt,457,0.456,0.3104,1.384357472,0.1552
Ni_foil_LSV 2.3 ohm.txt,458,0.457,0.2949,1.385389557,0.14745
Ni_foil_LSV 2.3 ohm.txt,459,0.458,0.2808,1.386418744,0.1404
Ni_foil_LSV 2.3 ohm.txt,460,0.459,0.2671,1.387447103,0.13355
Ni_foil_LSV 2.3 ohm.txt,461,0.46,0.2546,1.388472978,0.1273
Ni_foil_LSV 2.3 ohm.txt,462,0.461,0.2439,1.389495127,0.12195
Ni_foil_LSV 2.3 ohm.txt,463,0.462,0.2329,1.390517897,0.11645
Ni_foil_LSV 2.3 ohm.txt,464,0.463,0.2238,1.391536734,0.1119
Ni_foil_LSV 2.3 ohm.txt,465,0.464,0.2139,1.392557227,0.10695
Ni_foil_LSV 2.3 ohm.txt,466,0.465,0.2047,1.393576271,0.10235
Ni_foil_LSV 2.3 ohm.txt,467,0.466,0.1967,1.394592831,0.09835
Ni_foil_LSV 2.3 ohm.txt,468,0.467,0.1893,1.395608149,0.09465
Ni_foil_LSV 2.3 ohm.txt,469,0.468,0.182,1.39662326,0.091
Ni_foil_LSV 2.3 ohm.txt,470,0.469,0.1754,1.397636922,0.0877
Ni_foil_LSV 2.3 ohm.txt,471,0.47,0.1683,1.398651619,0.08415
Ni_foil_LSV 2.3 ohm.txt,472,0.471,0.1637,1.399661141,0.08185
Ni_foil_LSV 2.3 ohm.txt,473,0.472,0.1579,1.400673147,0.07895
Ni_foil_LSV 2.3 ohm.txt,474,0.473,0.1522,1.401684946,0.0761
Ni_foil_LSV 2.3 ohm.txt,475,0.474,0.1467,1.402696331,0.07335
Ni_foil_LSV 2.3 ohm.txt,476,0.475,0.1425,1.403705025,0.07125
Ni_foil_LSV 2.3 ohm.txt,477,0.476,0.1381,1.404714133,0.06905
Ni_foil_LSV 2.3 ohm.txt,478,0.477,0.1347,1.405721171,0.06735
Ni_foil_LSV 2.3 ohm.txt,479,0.478,0.1304,1.406730072,0.0652
Ni_foil_LSV 2.3 ohm.txt,480,0.479,0.1274,1.407736282,0.0637
Ni_foil_LSV 2.3 ohm.txt,481,0.48,0.1229,1.408745597,0.06145
Ni_foil_LSV 2.3 ohm.txt,482,0.481,0.1201,1.409751393,0.06005
Ni_foil_LSV 2.3 ohm.txt,483,0.482,0.1169,1.410758017,0.05845
Ni_foil_LSV 2.3 ohm.txt,484,0.483,0.114,1.41176402,0.057
Ni_foil_LSV 2.3 ohm.txt,485,0.484,0.1112,1.412769816,0.0556
Ni_foil_LSV 2.3 ohm.txt,486,0.485,0.1084,1.413775612,0.0542
Ni_foil_LSV 2.3 ohm.txt,487,0.486,0.1062,1.414780166,0.0531
Ni_foil_LSV 2.3 ohm.txt,488,0.487,0.1039,1.415784927,0.05195
Ni_foil_LSV 2.3 ohm.txt,489,0.488,0.1011,1.416790723,0.05055
Ni_foil_LSV 2.3 ohm.txt,490,0.489,0.09975,1.417793518,0.049875
Ni_foil_LSV 2.3 ohm.txt,491,0.49,0.09733,1.418798527,0.048665
Ni_foil_LSV 2.3 ohm.txt,492,0.491,0.09584,1.419801611,0.04792
Ni_foil_LSV 2.3 ohm.txt,493,0.492,0.09334,1.420806786,0.04667
Ni_foil_LSV 2.3 ohm.txt,494,0.493,0.09139,1.421810823,0.045695
Ni_foil_LSV 2.3 ohm.txt,495,0.494,0.08967,1.422814383,0.044835
Ni_foil_LSV 2.3 ohm.txt,496,0.495,0.0885,1.423816805,0.04425
Ni_foil_LSV 2.3 ohm.txt,497,0.496,0.08647,1.424821007,0.043235
Ni_foil_LSV 2.3 ohm.txt,498,0.497,0.08553,1.425822953,0.042765
Ni_foil_LSV 2.3 ohm.txt,499,0.498,0.08475,1.426824568,0.042375
Ni_foil_LSV 2.3 ohm.txt,500,0.499,0.08248,1.427829266,0.04124
Ni_foil_LSV 2.3 ohm.txt,501,0.5,0.08194,1.428830384,0.04097
Ni_foil_LSV 2.3 ohm.txt,502,0.501,0.08069,1.429832972,0.040345
Ni_foil_LSV 2.3 ohm.txt,503,0.502,0.07959,1.430835249,0.039795
Ni_foil_LSV 2.3 ohm.txt,504,0.503,0.07905,1.431836367,0.039525
Ni_foil_LSV 2.3 ohm.txt,505,0.504,0.07749,1.432839596,0.038745
Ni_foil_LSV 2.3 ohm.txt,506,0.505,0.07686,1.4338409,0.03843
Ni_foil_LSV 2.3 ohm.txt,507,0.506,0.07545,1.434843819,0.037725
Ni_foil_LSV 2.3 ohm.txt,508,0.507,0.07452,1.435845744,0.03726
Ni_foil_LSV 2.3 ohm.txt,509,0.508,0.07405,1.436846717,0.037025
Ni_foil_LSV 2.3 ohm.txt,510,0.509,0.07374,1.437847358,0.03687
Ni_foil_LSV 2.3 ohm.txt,511,0.51,0.07256,1.438849801,0.03628
Ni_foil_LSV 2.3 ohm.txt,512,0.511,0.0728,1.439849304,0.0364
Ni_foil_LSV 2.3 ohm.txt,513,0.512,0.0728,1.440849304,0.0364
Ni_foil_LSV 2.3 ohm.txt,514,0.513,0.07108,1.441852864,0.03554
Ni_foil_LSV 2.3 ohm.txt,515,0.514,0.07014,1.44285481,0.03507
Ni_foil_LSV 2.3 ohm.txt,516,0.515,0.06944,1.443856259,0.03472
Ni_foil_LSV 2.3 ohm.txt,517,0.516,0.06936,1.444856425,0.03468
Ni_foil_LSV 2.3 ohm.txt,518,0.517,0.06905,1.445857067,0.034525
Ni_foil_LSV 2.3 ohm.txt,519,0.518,0.06796,1.446859323,0.03398
Ni_foil_LSV 2.3 ohm.txt,520,0.519,0.06796,1.447859323,0.03398
Ni_foil_LSV 2.3 ohm.txt,521,0.52,0.06702,1.448861269,0.03351
Ni_foil_LSV 2.3 ohm.txt,522,0.521,0.06593,1.449863525,0.032965
Ni_foil_LSV 2.3 ohm.txt,523,0.522,0.06593,1.450863525,0.032965
Ni_foil_LSV 2.3 ohm.txt,524,0.523,0.06632,1.451862718,0.03316
Ni_foil_LSV 2.3 ohm.txt,525,0.524,0.06546,1.452864498,0.03273
Ni_foil_LSV 2.3 ohm.txt,526,0.525,0.06475,1.453865968,0.032375
Ni_foil_LSV 2.3 ohm.txt,527,0.526,0.06382,1.454867893,0.03191
Ni_foil_LSV 2.3 ohm.txt,528,0.527,0.06468,1.455866112,0.03234
Ni_foil_LSV 2.3 ohm.txt,529,0.528,0.06366,1.456868224,0.03183
Ni_foil_LSV 2.3 ohm.txt,530,0.529,0.06366,1.457868224,0.03183
Ni_foil_LSV 2.3 ohm.txt,531,0.53,0.06311,1.458869362,0.031555
Ni_foil_LSV 2.3 ohm.txt,532,0.531,0.06288,1.459869838,0.03144
Ni_foil_LSV 2.3 ohm.txt,533,0.532,0.06257,1.46087048,0.031285
Ni_foil_LSV 2.3 ohm.txt,534,0.533,0.06249,1.461870646,0.031245
Ni_foil_LSV 2.3 ohm.txt,535,0.534,0.06218,1.462871287,0.03109
Ni_foil_LSV 2.3 ohm.txt,536,0.535,0.0621,1.463871453,0.03105
Ni_foil_LSV 2.3 ohm.txt,537,0.536,0.06147,1.464872757,0.030735
Ni_foil_LSV 2.3 ohm.txt,538,0.537,0.06171,1.46587226,0.030855
Ni_foil_LSV 2.3 ohm.txt,539,0.538,0.06108,1.466873564,0.03054
Ni_foil_LSV 2.3 ohm.txt,540,0.539,0.06139,1.467872923,0.030695
Ni_foil_LSV 2.3 ohm.txt,541,0.54,0.06085,1.468874041,0.030425
Ni_foil_LSV 2.3 ohm.txt,542,0.541,0.06038,1.469875013,0.03019
Ni_foil_LSV 2.3 ohm.txt,543,0.542,0.06054,1.470874682,0.03027
Ni_foil_LSV 2.3 ohm.txt,544,0.543,0.06163,1.471872426,0.030815
Ni_foil_LSV 2.3 ohm.txt,545,0.544,0.06069,1.472874372,0.030345
Ni_foil_LSV 2.3 ohm.txt,546,0.545,0.0603,1.473875179,0.03015
Ni_foil_LSV 2.3 ohm.txt,547,0.546,0.05999,1.474875821,0.029995
Ni_foil_LSV 2.3 ohm.txt,548,0.547,0.06061,1.475874537,0.030305
Ni_foil_LSV 2.3 ohm.txt,549,0.548,0.06054,1.476874682,0.03027
Ni_foil_LSV 2.3 ohm.txt,550,0.549,0.06022,1.477875345,0.03011
Ni_foil_LSV 2.3 ohm.txt,551,0.55,0.05983,1.478876152,0.029915
Ni_foil_LSV 2.3 ohm.txt,552,0.551,0.06093,1.479873875,0.030465
Ni_foil_LSV 2.3 ohm.txt,553,0.552,0.05999,1.480875821,0.029995
Ni_foil_LSV 2.3 ohm.txt,554,0.553,0.06038,1.481875013,0.03019
Ni_foil_LSV 2.3 ohm.txt,555,0.554,0.06038,1.482875013,0.03019
Ni_foil_LSV 2.3 ohm.txt,556,0.555,0.06108,1.483873564,0.03054
Ni_foil_LSV 2.3 ohm.txt,557,0.556,0.06093,1.484873875,0.030465
Ni_foil_LSV 2.3 ohm.txt,558,0.557,0.06108,1.485873564,0.03054
Ni_foil_LSV 2.3 ohm.txt,559,0.558,0.06116,1.486873399,0.03058
Ni_foil_LSV 2.3 ohm.txt,560,0.559,0.06194,1.487871784,0.03097
Ni_foil_LSV 2.3 ohm.txt,561,0.56,0.06179,1.488872095,0.030895
Ni_foil_LSV 2.3 ohm.txt,562,0.561,0.06241,1.489870811,0.031205
Ni_foil_LSV 2.3 ohm.txt,563,0.562,0.06311,1.490869362,0.031555
Ni_foil_LSV 2.3 ohm.txt,564,0.563,0.0635,1.491868555,0.03175
Ni_foil_LSV 2.3 ohm.txt,565,0.564,0.06319,1.492869197,0.031595
Ni_foil_LSV 2.3 ohm.txt,566,0.565,0.06428,1.49386694,0.03214
Ni_foil_LSV 2.3 ohm.txt,567,0.566,0.06413,1.494867251,0.032065
Ni_foil_LSV 2.3 ohm.txt,568,0.567,0.06553,1.495864353,0.032765
Ni_foil_LSV 2.3 ohm.txt,569,0.568,0.06632,1.496862718,0.03316
Ni_foil_LSV 2.3 ohm.txt,570,0.569,0.06733,1.497860627,0.033665
Ni_foil_LSV 2.3 ohm.txt,571,0.57,0.06811,1.498859012,0.034055
Ni_foil_LSV 2.3 ohm.txt,572,0.571,0.06889,1.499857398,0.034445
Ni_foil_LSV 2.3 ohm.txt,573,0.572,0.06928,1.50085659,0.03464
Ni_foil_LSV 2.3 ohm.txt,574,0.573,0.07092,1.501853196,0.03546
Ni_foil_LSV 2.3 ohm.txt,575,0.574,0.07225,1.502850443,0.036125
Ni_foil_LSV 2.3 ohm.txt,576,0.575,0.07381,1.503847213,0.036905
Ni_foil_LSV 2.3 ohm.txt,577,0.576,0.07444,1.504845909,0.03722
Ni_foil_LSV 2.3 ohm.txt,578,0.577,0.07647,1.505841707,0.038235
Ni_foil_LSV 2.3 ohm.txt,579,0.578,0.07788,1.506838788,0.03894
Ni_foil_LSV 2.3 ohm.txt,580,0.579,0.07983,1.507834752,0.039915
Ni_foil_LSV 2.3 ohm.txt,581,0.58,0.08178,1.508830715,0.04089
Ni_foil_LSV 2.3 ohm.txt,582,0.581,0.08319,1.509827797,0.041595
Ni_foil_LSV 2.3 ohm.txt,583,0.582,0.08561,1.510822787,0.042805
Ni_foil_LSV 2.3 ohm.txt,584,0.583,0.08787,1.511818109,0.043935
Ni_foil_LSV 2.3 ohm.txt,585,0.584,0.09069,1.512812272,0.045345
Ni_foil_LSV 2.3 ohm.txt,586,0.585,0.09342,1.513806621,0.04671
Ni_foil_LSV 2.3 ohm.txt,587,0.586,0.09576,1.514801777,0.04788
Ni_foil_LSV 2.3 ohm.txt,588,0.587,0.09904,1.515794987,0.04952
Ni_foil_LSV 2.3 ohm.txt,589,0.588,0.1019,1.516789067,0.05095
Ni_foil_LSV 2.3 ohm.txt,590,0.589,0.1054,1.517781822,0.0527
Ni_foil_LSV 2.3 ohm.txt,591,0.59,0.1087,1.518774991,0.05435
Ni_foil_LSV 2.3 ohm.txt,592,0.591,0.1131,1.519765883,0.05655
Ni_foil_LSV 2.3 ohm.txt,593,0.592,0.1165,1.520758845,0.05825
Ni_foil_LSV 2.3 ohm.txt,594,0.593,0.1212,1.521749116,0.0606
Ni_foil_LSV 2.3 ohm.txt,595,0.594,0.1258,1.522739594,0.0629
Ni_foil_LSV 2.3 ohm.txt,596,0.595,0.1307,1.523729451,0.06535
Ni_foil_LSV 2.3 ohm.txt,597,0.596,0.1355,1.524719515,0.06775
Ni_foil_LSV 2.3 ohm.txt,598,0.597,0.141,1.52570813,0.0705
Ni_foil_LSV 2.3 ohm.txt,599,0.598,0.1459,1.526697987,0.07295
Ni_foil_LSV 2.3 ohm.txt,600,0.599,0.1526,1.527684118,0.0763
Ni_foil_LSV 2.3 ohm.txt,601,0.6,0.1586,1.528671698,0.0793
Ni_foil_LSV 2.3 ohm.txt,602,0.601,0.1653,1.529657829,0.08265
Ni_foil_LSV 2.3 ohm.txt,603,0.602,0.1722,1.530643546,0.0861
Ni_foil_LSV 2.3 ohm.txt,604,0.603,0.18,1.5316274,0.09
Ni_foil_LSV 2.3 ohm.txt,605,0.604,0.1869,1.532613117,0.09345
Ni_foil_LSV 2.3 ohm.txt,606,0.605,0.195,1.53359635,0.0975
Ni_foil_LSV 2.3 ohm.txt,607,0.606,0.2036,1.534578548,0.1018
Ni_foil_LSV 2.3 ohm.txt,608,0.607,0.2134,1.535558262,0.1067
Ni_foil_LSV 2.3 ohm.txt,609,0.608,0.2227,1.536539011,0.11135
Ni_foil_LSV 2.3 ohm.txt,610,0.609,0.2331,1.537517483,0.11655
Ni_foil_LSV 2.3 ohm.txt,611,0.61,0.2433,1.538496369,0.12165
Ni_foil_LSV 2.3 ohm.txt,612,0.611,0.2542,1.539473806,0.1271
Ni_foil_LSV 2.3 ohm.txt,613,0.612,0.2655,1.540450415,0.13275
Ni_foil_LSV 2.3 ohm.txt,614,0.613,0.2779,1.541424747,0.13895
Ni_foil_LSV 2.3 ohm.txt,615,0.614,0.2898,1.542400114,0.1449
Ni_foil_LSV 2.3 ohm.txt,616,0.615,0.3028,1.543373204,0.1514
Ni_foil_LSV 2.3 ohm.txt,617,0.616,0.3165,1.544344845,0.15825
Ni_foil_LSV 2.3 ohm.txt,618,0.617,0.3312,1.545314416,0.1656
Ni_foil_LSV 2.3 ohm.txt,619,0.618,0.347,1.54628171,0.1735
Ni_foil_LSV 2.3 ohm.txt,620,0.619,0.3634,1.547247762,0.1817
Ni_foil_LSV 2.3 ohm.txt,621,0.62,0.38,1.5482134,0.19
Ni_foil_LSV 2.3 ohm.txt,622,0.621,0.3974,1.549177382,0.1987
Ni_foil_LSV 2.3 ohm.txt,623,0.622,0.416,1.55013888,0.208
Ni_foil_LSV 2.3 ohm.txt,624,0.623,0.4357,1.551098101,0.21785
Ni_foil_LSV 2.3 ohm.txt,625,0.624,0.4564,1.552055252,0.2282
Ni_foil_LSV 2.3 ohm.txt,626,0.625,0.479,1.55300847,0.2395
Ni_foil_LSV 2.3 ohm.txt,627,0.626,0.5016,1.553961688,0.2508
Ni_foil_LSV 2.3 ohm.txt,628,0.627,0.5253,1.554912629,0.26265
Ni_foil_LSV 2.3 ohm.txt,629,0.628,0.55,1.5558615,0.275
Ni_foil_LSV 2.3 ohm.txt,630,0.629,0.5764,1.556806852,0.2882
Ni_foil_LSV 2.3 ohm.txt,631,0.63,0.604,1.55774972,0.302
Ni_foil_LSV 2.3 ohm.txt,632,0.631,0.6325,1.558690725,0.31625
Ni_foil_LSV 2.3 ohm.txt,633,0.632,0.6609,1.559631937,0.33045
Ni_foil_LSV 2.3 ohm.txt,634,0.633,0.6911,1.560569423,0.34555
Ni_foil_LSV 2.3 ohm.txt,635,0.634,0.7241,1.561501113,0.36205
Ni_foil_LSV 2.3 ohm.txt,636,0.635,0.7563,1.562434459,0.37815
Ni_foil_LSV 2.3 ohm.txt,637,0.636,0.7894,1.563365942,0.3947
Ni_foil_LSV 2.3 ohm.txt,638,0.637,0.8251,1.564292043,0.41255
Ni_foil_LSV 2.3 ohm.txt,639,0.638,0.8638,1.565211934,0.4319
Ni_foil_LSV 2.3 ohm.txt,640,0.639,0.9023,1.566132239,0.45115
Ni_foil_LSV 2.3 ohm.txt,641,0.64,0.9404,1.567053372,0.4702
Ni_foil_LSV 2.3 ohm.txt,642,0.641,0.9824,1.567966432,0.4912
Ni_foil_LSV 2.3 ohm.txt,643,0.642,1.025,1.56887825,0.5125
Ni_foil_LSV 2.3 ohm.txt,644,0.643,1.07,1.5697851,0.535
Ni_foil_LSV 2.3 ohm.txt,645,0.644,1.118,1.57068574,0.559
Ni_foil_LSV 2.3 ohm.txt,646,0.645,1.164,1.57159052,0.582
Ni_foil_LSV 2.3 ohm.txt,647,0.646,1.213,1.57248909,0.6065
Ni_foil_LSV 2.3 ohm.txt,648,0.647,1.262,1.57338766,0.631
Ni_foil_LSV 2.3 ohm.txt,649,0.648,1.313,1.57428209,0.6565
Ni_foil_LSV 2.3 ohm.txt,650,0.649,1.37,1.5751641,0.685
Ni_foil_LSV 2.3 ohm.txt,651,0.65,1.426,1.57604818,0.713
Ni_foil_LSV 2.3 ohm.txt,652,0.651,1.482,1.57693226,0.741
Ni_foil_LSV 2.3 ohm.txt,653,0.652,1.542,1.57780806,0.771
Ni_foil_LSV 2.3 ohm.txt,654,0.653,1.605,1.57867765,0.8025
Ni_foil_LSV 2.3 ohm.txt,655,0.654,1.666,1.57955138,0.833
Ni_foil_LSV 2.3 ohm.txt,656,0.655,1.729,1.58042097,0.8645
Ni_foil_LSV 2.3 ohm.txt,657,0.656,1.796,1.58128228,0.898
Ni_foil_LSV 2.3 ohm.txt,658,0.657,1.871,1.58212703,0.9355
Ni_foil_LSV 2.3 ohm.txt,659,0.658,1.941,1.58298213,0.9705
Ni_foil_LSV 2.3 ohm.txt,660,0.659,2.011,1.58383723,1.0055
Ni_foil_LSV 2.3 ohm.txt,661,0.66,2.084,1.58468612,1.042
Ni_foil_LSV 2.3 ohm.txt,662,0.661,2.159,1.58553087,1.0795
Ni_foil_LSV 2.3 ohm.txt,663,0.662,2.234,1.58637562,1.117
Ni_foil_LSV 2.3 ohm.txt,664,0.663,2.315,1.58720795,1.1575
Ni_foil_LSV 2.3 ohm.txt,665,0.664,2.399,1.58803407,1.1995
Ni_foil_LSV 2.3 ohm.txt,666,0.665,2.48,1.5888664,1.24
Ni_foil_LSV 2.3 ohm.txt,667,0.666,2.566,1.58968838,1.283
Ni_foil_LSV 2.3 ohm.txt,668,0.667,2.654,1.59050622,1.327
Ni_foil_LSV 2.3 ohm.txt,669,0.668,2.741,1.59132613,1.3705
Ni_foil_LSV 2.3 ohm.txt,670,0.669,2.834,1.59213362,1.417
Ni_foil_LSV 2.3 ohm.txt,671,0.67,2.93,1.5929349,1.465
Ni_foil_LSV 2.3 ohm.txt,672,0.671,3.026,1.59373618,1.513
Ni_foil_LSV 2.3 ohm.txt,673,0.672,3.124,1.59453332,1.562
Ni_foil_LSV 2.3 ohm.txt,674,0.673,3.224,1.59532632,1.612
Ni_foil_LSV 2.3 ohm.txt,675,0.674,3.327,1.59611311,1.6635
Ni_foil_LSV 2.3 ohm.txt,676,0.675,3.43,1.5968999,1.715
Ni_foil_LSV 2.3 ohm.txt,677,0.676,3.536,1.59768048,1.768
Ni_foil_LSV 2.3 ohm.txt,678,0.677,3.642,1.59846106,1.821
Ni_foil_LSV 2.3 ohm.txt,679,0.678,3.746,1.59924578,1.873
Ni_foil_LSV 2.3 ohm.txt,680,0.679,3.856,1.60001808,1.928
Ni_foil_LSV 2.3 ohm.txt,681,0.68,3.97,1.6007821,1.985
Ni_foil_LSV 2.3 ohm.txt,682,0.681,4.088,1.60153784,2.044
Ni_foil_LSV 2.3 ohm.txt,683,0.682,4.205,1.60229565,2.1025
Ni_foil_LSV 2.3 ohm.txt,684,0.683,4.329,1.60303897,2.1645
Ni_foil_LSV 2.3 ohm.txt,685,0.684,4.451,1.60378643,2.2255
Ni_foil_LSV 2.3 ohm.txt,686,0.685,4.578,1.60452354,2.289
Ni_foil_LSV 2.3 ohm.txt,687,0.686,4.7,1.605271,2.35
Ni_foil_LSV 2.3 ohm.txt,688,0.687,4.826,1.60601018,2.413
Ni_foil_LSV 2.3 ohm.txt,689,0.688,4.951,1.60675143,2.4755
Ni_foil_LSV 2.3 ohm.txt,690,0.689,5.078,1.60748854,2.539
Ni_foil_LSV 2.3 ohm.txt,691,0.69,5.202,1.60823186,2.601
Ni_foil_LSV 2.3 ohm.txt,692,0.691,5.338,1.60895034,2.669
Ni_foil_LSV 2.3 ohm.txt,693,0.692,5.475,1.60966675,2.7375
Ni_foil_LSV 2.3 ohm.txt,694,0.693,5.615,1.61037695,2.8075
Ni_foil_LSV 2.3 ohm.txt,695,0.694,5.753,1.61109129,2.8765
Ni_foil_LSV 2.3 ohm.txt,696,0.695,5.896,1.61179528,2.948
Ni_foil_LSV 2.3 ohm.txt,697,0.696,6.038,1.61250134,3.019
Ni_foil_LSV 2.3 ohm.txt,698,0.697,6.171,1.61322603,3.0855
Ni_foil_LSV 2.3 ohm.txt,699,0.698,6.318,1.61392174,3.159
Ni_foil_LSV 2.3 ohm.txt,700,0.699,6.467,1.61461331,3.2335
Ni_foil_LSV 2.3 ohm.txt,701,0.7,6.615,1.61530695,3.3075
Ni_foil_LSV 2.3 ohm.txt,702,0.701,6.763,1.61600059,3.3815
Ni_foil_LSV 2.3 ohm.txt,703,0.702,6.926,1.61666318,3.463
Ni_foil_LSV 2.3 ohm.txt,704,0.703,7.079,1.61734647,3.5395
Ni_foil_LSV 2.3 ohm.txt,705,0.704,7.229,1.61803597,3.6145
Ni_foil_LSV 2.3 ohm.txt,706,0.705,7.386,1.61871098,3.693
Ni_foil_LSV 2.3 ohm.txt,707,0.706,7.545,1.61938185,3.7725
Ni_foil_LSV 2.3 ohm.txt,708,0.707,7.707,1.62004651,3.8535
Ni_foil_LSV 2.3 ohm.txt,709,0.708,7.874,1.62070082,3.937
Ni_foil_LSV 2.3 ohm.txt,710,0.709,8.038,1.62136134,4.019
Ni_foil_LSV 2.3 ohm.txt,711,0.71,8.209,1.62200737,4.1045
Ni_foil_LSV 2.3 ohm.txt,712,0.711,8.373,1.62266789,4.1865
Ni_foil_LSV 2.3 ohm.txt,713,0.712,8.549,1.62330357,4.2745
Ni_foil_LSV 2.3 ohm.txt,714,0.713,8.719,1.62395167,4.3595
Ni_foil_LSV 2.3 ohm.txt,715,0.714,8.884,1.62461012,4.442
Ni_foil_LSV 2.3 ohm.txt,716,0.715,9.061,1.62524373,4.5305
Ni_foil_LSV 2.3 ohm.txt,717,0.716,9.236,1.62588148,4.618
Ni_foil_LSV 2.3 ohm.txt,718,0.717,9.419,1.62650267,4.7095
Ni_foil_LSV 2.3 ohm.txt,719,0.718,9.59,1.6271487,4.795
Ni_foil_LSV 2.3 ohm.txt,720,0.719,9.771,1.62777403,4.8855
Ni_foil_LSV 2.3 ohm.txt,721,0.72,9.944,1.62841592,4.972
Ni_foil_LSV 2.3 ohm.txt,722,0.721,10.13,1.6290309,5.065
Ni_foil_LSV 2.3 ohm.txt,723,0.722,10.31,1.6296583,5.155
Ni_foil_LSV 2.3 ohm.txt,724,0.723,10.5,1.630265,5.25
Ni_foil_LSV 2.3 ohm.txt,725,0.724,10.69,1.6308717,5.345
Ni_foil_LSV 2.3 ohm.txt,726,0.725,10.87,1.6314991,5.435
Ni_foil_LSV 2.3 ohm.txt,727,0.726,11.05,1.6321265,5.525
Ni_foil_LSV 2.3 ohm.txt,728,0.727,11.25,1.6327125,5.625
Ni_foil_LSV 2.3 ohm.txt,729,0.728,11.44,1.6333192,5.72
Ni_foil_LSV 2.3 ohm.txt,730,0.729,11.63,1.6339259,5.815
Ni_foil_LSV 2.3 ohm.txt,731,0.73,11.82,1.6345326,5.91
Ni_foil_LSV 2.3 ohm.txt,732,0.731,12.02,1.6351186,6.01
Ni_foil_LSV 2.3 ohm.txt,733,0.732,12.21,1.6357253,6.105
Ni_foil_LSV 2.3 ohm.txt,734,0.733,12.4,1.636332,6.2
Ni_foil_LSV 2.3 ohm.txt,735,0.734,12.6,1.636918,6.3
Ni_foil_LSV 2.3 ohm.txt,736,0.735,12.79,1.6375247,6.395
Ni_foil_LSV 2.3 ohm.txt,737,0.736,13,1.63809,6.5
Ni_foil_LSV 2.3 ohm.txt,738,0.737,13.21,1.6386553,6.605
Ni_foil_LSV 2.3 ohm.txt,739,0.738,13.41,1.6392413,6.705
Ni_foil_LSV 2.3 ohm.txt,740,0.739,13.6,1.639848,6.8
Ni_foil_LSV 2.3 ohm.txt,741,0.74,13.8,1.640434,6.9
Ni_foil_LSV 2.3 ohm.txt,742,0.741,14.01,1.6409993,7.005
Ni_foil_LSV 2.3 ohm.txt,743,0.742,14.19,1.6416267,7.095
Ni_foil_LSV 2.3 ohm.txt,744,0.743,14.42,1.6421506,7.21
Ni_foil_LSV 2.3 ohm.txt,745,0.744,14.64,1.6426952,7.32
Ni_foil_LSV 2.3 ohm.txt,746,0.745,14.86,1.6432398,7.43
Ni_foil_LSV 2.3 ohm.txt,747,0.746,15.06,1.6438258,7.53
Ni_foil_LSV 2.3 ohm.txt,748,0.747,15.28,1.6443704,7.64
Ni_foil_LSV 2.3 ohm.txt,749,0.748,15.49,1.6449357,7.745
Ni_foil_LSV 2.3 ohm.txt,750,0.749,15.7,1.645501,7.85
Ni_foil_LSV 2.3 ohm.txt,751,0.75,15.92,1.6460456,7.96
Ni_foil_LSV 2.3 ohm.txt,752,0.751,16.12,1.6466316,8.06
Ni_foil_LSV 2.3 ohm.txt,753,0.752,16.37,1.6471141,8.185
Ni_foil_LSV 2.3 ohm.txt,754,0.753,16.59,1.6476587,8.295
Ni_foil_LSV 2.3 ohm.txt,755,0.754,16.81,1.6482033,8.405
Ni_foil_LSV 2.3 ohm.txt,756,0.755,17.03,1.6487479,8.515
Ni_foil_LSV 2.3 ohm.txt,757,0.756,17.23,1.6493339,8.615
Ni_foil_LSV 2.3 ohm.txt,758,0.757,17.47,1.6498371,8.735
Ni_foil_LSV 2.3 ohm.txt,759,0.758,17.7,1.650361,8.85
Ni_foil_LSV 2.3 ohm.txt,760,0.759,17.92,1.6509056,8.96
Ni_foil_LSV 2.3 ohm.txt,761,0.76,18.16,1.6514088,9.08
Ni_foil_LSV 2.3 ohm.txt,762,0.761,18.35,1.6520155,9.175
Ni_foil_LSV 2.3 ohm.txt,763,0.762,18.6,1.652498,9.3
Ni_foil_LSV 2.3 ohm.txt,764,0.763,18.84,1.6530012,9.42
Ni_foil_LSV 2.3 ohm.txt,765,0.764,19.07,1.6535251,9.535
Ni_foil_LSV 2.3 ohm.txt,766,0.765,19.28,1.6540904,9.64
Ni_foil_LSV 2.3 ohm.txt,767,0.766,19.52,1.6545936,9.76
Ni_foil_LSV 2.3 ohm.txt,768,0.767,19.76,1.6550968,9.88
Ni_foil_LSV 2.3 ohm.txt,769,0.768,20,1.6556,10
Ni_foil_LSV 2.3 ohm.txt,770,0.769,20.22,1.6561446,10.11
Ni_foil_LSV 2.3 ohm.txt,771,0.77,20.46,1.6566478,10.23
Ni_foil_LSV 2.3 ohm.txt,772,0.771,20.69,1.6571717,10.345
Ni_foil_LSV 2.3 ohm.txt,773,0.772,20.93,1.6576749,10.465
Ni_foil_LSV 2.3 ohm.txt,774,0.773,21.17,1.6581781,10.585
Ni_foil_LSV 2.3 ohm.txt,775,0.774,21.39,1.6587227,10.695
Ni_foil_LSV 2.3 ohm.txt,776,0.775,21.64,1.6592052,10.82
Ni_foil_LSV 2.3 ohm.txt,777,0.776,21.88,1.6597084,10.94
Ni_foil_LSV 2.3 ohm.txt,778,0.777,22.12,1.6602116,11.06
Ni_foil_LSV 2.3 ohm.txt,779,0.778,22.36,1.6607148,11.18
Ni_foil_LSV 2.3 ohm.txt,780,0.779,22.59,1.6612387,11.295
Ni_foil_LSV 2.3 ohm.txt,781,0.78,22.83,1.6617419,11.415
Ni_foil_LSV 2.3 ohm.txt,782,0.781,23.06,1.6622658,11.53
Ni_foil_LSV 2.3 ohm.txt,783,0.782,23.31,1.6627483,11.655
Ni_foil_LSV 2.3 ohm.txt,784,0.783,23.56,1.6632308,11.78
Ni_foil_LSV 2.3 ohm.txt,785,0.784,23.79,1.6637547,11.895
Ni_foil_LSV 2.3 ohm.txt,786,0.785,24.04,1.6642372,12.02
Ni_foil_LSV 2.3 ohm.txt,787,0.786,24.29,1.6647197,12.145
Ni_foil_LSV 2.3 ohm.txt,788,0.787,24.54,1.6652022,12.27
Ni_foil_LSV 2.3 ohm.txt,789,0.788,24.77,1.6657261,12.385
Ni_foil_LSV 2.3 ohm.txt,790,0.789,25.03,1.6661879,12.515
Ni_foil_LSV 2.3 ohm.txt,791,0.79,25.27,1.6666911,12.635
Ni_foil_LSV 2.3 ohm.txt,792,0.791,25.52,1.6671736,12.76
Ni_foil_LSV 2.3 ohm.txt,793,0.792,25.76,1.6676768,12.88
Ni_foil_LSV 2.3 ohm.txt,794,0.793,26.02,1.6681386,13.01
Ni_foil_LSV 2.3 ohm.txt,795,0.794,26.26,1.6686418,13.13
Ni_foil_LSV 2.3 ohm.txt,796,0.795,26.52,1.6691036,13.26
Ni_foil_LSV 2.3 ohm.txt,797,0.796,26.78,1.6695654,13.39
Ni_foil_LSV 2.3 ohm.txt,798,0.797,27.02,1.6700686,13.51
Ni_foil_LSV 2.3 ohm.txt,799,0.798,27.23,1.6706339,13.615
Ni_foil_LSV 2.3 ohm.txt,800,0.799,27.48,1.6711164,13.74
